Name,X  (NZGD2000),Y  (NZGD2000),Z,Type,Latitude  (WGS84),Longitude  (WGS84),,,Radius,Center X  (NZGD2000),Center Y  (NZGD2000),Center Latitude  (WGS84),Center Longitude  (WGS84),Attribute,Attribute,Attribute,Attribute,Attribute,Attribute,Attribute
RWY RWY-02/20,1843523.4847340,5682687.2332538,371.8560000,*,S38.9709611,E175.8109306,,,,,,,,385815.46S,1754839.35E,NZTN,,,,
THR RWY 20,1843905.4818071,5683159.0428353,370.6368000,*,S38.9666083,E175.8151667,,,,,,,,385759.79S,1754854.60E,NZTN,,,,
RWY RWY-02/20,1844064.4557739,5683352.2624160,370.0272000,*,S38.9648250,E175.8169306,,,,,,,,385753.37S,1754900.95E,NZTN,,,,
THR RWY 02,1843579.8498450,5682757.0932255,371.8560000,*,S38.9703167,E175.8115556,,,,,,,,385813.14S,1754841.60E,NZTN,,,,
RWY RWY-14/32 GR,2033451.7246659,5708616.2467893,4.2672000,*,S38.6649444,E177.9808944,,,,,,,,383953.80S,1775851.22E,NZGS,,,,
THR RWY 32G,2033407.3117790,5708816.3755990,3.9624000,*,S38.6631694,E177.9802611,,,,,,,,383947.41S,1775848.94E,NZGS,,,,
THR RWY 14G,2033285.6839078,5709349.6042025,3.3528000,*,S38.6584417,E177.9785361,,,,,,,,383930.39S,1775842.73E,NZGS,,,,
THR RWY 21,2033478.6026760,5709185.6382337,3.0480000,*,S38.6598194,E177.9808472,,,,,,,,383935.35S,1775851.05E,NZGS,,,,
RWY RWY-03/21,2033578.7489039,5709264.9626681,3.0480000,*,S38.6590583,E177.9819444,,,,,,,,383932.61S,1775855.00E,NZGS,,,,
THR RWY 03,2032659.2022298,5708535.5998399,3.3528000,*,S38.6660556,E177.9718694,,,,,,,,383957.80S,1775818.73E,NZGS,,,,
THR RWY 14,2032976.4416906,5709382.2058860,3.6576000,*,S38.6583000,E177.9749750,,,,,,,,383929.88S,1775829.91E,NZGS,,,,
THR RWY 32,2033261.4950624,5708098.4470555,4.5720000,*,S38.6696861,E177.9790389,,,,,,,,384010.87S,1775844.54E,NZGS,,,,
THR RWY 09,2032546.3732512,5709258.3055422,3.0480000,*,S38.6596222,E177.9701278,,,,,,,,383934.64S,1775812.46E,NZGS,,,,
RWY RWY-09/27,2033587.3354403,5708714.3693743,3.9624000,*,S38.6639972,E177.9823861,,,,,,,,383950.39S,1775856.59E,NZGS,,,,
THR RWY 27,2033467.9404694,5708775.9458406,3.9624000,*,S38.6635028,E177.9809806,,,,,,,,383948.61S,1775851.53E,NZGS,,,,
RWY RWY-04/22,1838591.3655734,5920334.0061885,4.5720000,*,S36.8328056,E175.6754000,,,,,,,,364958.10S,1754031.44E,NZWT,,,,
THR RWY 04,1838674.6852369,5920387.1975317,4.5720000,*,S36.8323056,E175.6763167,,,,,,,,364956.30S,1754034.74E,NZWT,,,,
THR RWY 22,1839806.4989405,5921121.0525183,3.3528000,*,S36.8254111,E175.6887639,,,,,,,,364931.48S,1754119.55E,NZWT,,,,
THR RWY 34,1839025.9856196,5920499.5031285,4.5720000,*,S36.8312056,E175.6802167,,,,,,,,364952.34S,1754048.78E,NZWT,,,,
RWY RWY-16/34,1839026.0042965,5920429.4782015,4.5720000,*,S36.8318361,E175.6802389,,,,,,,,364954.61S,1754048.86E,NZWT,,,,
THR RWY 16,1839017.9315017,5921140.4365543,3.0480000,*,S36.8254361,E175.6799250,,,,,,,,364931.57S,1754047.73E,NZWT,,,,
RWY RWY-16/34,1839019.9920209,5921169.6840741,3.0480000,*,S36.8251722,E175.6799389,,,,,,,,364930.62S,1754047.78E,NZWT,,,,
RWY RWY-07/25,1709456.1955163,5621211.0966956,113.6904000,*,S39.5518056,E174.2739833,,,,,,,,393306.50S,1741626.34E,NZHA,,,,
THR RWY 25,1709375.3231606,5621214.7083895,113.6904000,*,S39.5517833,E174.2730417,,,,,,,,393306.42S,1741622.95E,NZHA,,,,
THR RWY 07,1708705.4481599,5621245.1268787,112.4712000,*,S39.5515944,E174.2652417,,,,,,,,393305.74S,1741554.87E,NZHA,,,,
RWY RWY-07/25,1708674.6733725,5621246.4847044,112.4712000,*,S39.5515861,E174.2648833,,,,,,,,393305.71S,1741553.58E,NZHA,,,,
THR RWY 20,1709366.7686526,5621251.2157464,113.9952000,*,S39.5514556,E174.2729361,,,,,,,,393305.24S,1741622.57E,NZHA,,,,
RWY RWY-02/20,1709397.6071662,5621288.0907251,113.9952000,*,S39.5511194,E174.2732889,,,,,,,,393304.03S,1741623.84E,NZHA,,,,
RWY RWY-02/20,1708882.7080202,5620678.6450605,109.7280000,*,S39.5566750,E174.2673972,,,,,,,,393324.03S,1741602.63E,NZHA,,,,
THR RWY 02,1708898.2638522,5620698.4691539,109.7280000,*,S39.5564944,E174.2675750,,,,,,,,393323.38S,1741603.27E,NZHA,,,,
THR RWY 32,1709088.5682055,5620533.8969694,105.1560000,*,S39.5579528,E174.2698167,,,,,,,,393328.63S,1741611.34E,NZHA,,,,
THR RWY 14,1708787.5313680,5621412.3353371,107.5944000,*,S39.5500778,E174.2661694,,,,,,,,393300.28S,1741558.21E,NZHA,,,,
RWY RWY-14/32,1709097.4139285,5620501.0860871,110.6424000,*,S39.5582472,E174.2699250,,,,,,,,393329.69S,1741611.73E,NZHA,,,,
THR RWY 29G,1303263.7326980,5040690.6707882,341.3760000,*,S44.7256667,E169.2529083,,,,,,,,444332.40S,1691510.47E,NZWF,,,,
THR RWY 11G,1302646.2318857,5041321.4508130,345.6432000,*,S44.7197444,E169.2454944,,,,,,,,444311.08S,1691443.78E,NZWF,,,,
THR RWY 29,1303145.0991384,5040636.9910046,341.3760000,*,S44.7260997,E169.2513823,,,,,,,,444333.9591S,1691504.9762E,NZWF,,,,
THR RWY 11,1302303.4282428,5041495.1565076,348.0816000,*,S44.7180418,E169.2412765,,,,,,,,444304.9504S,1691428.5955E,NZWF,,,,
RWY RWY-15/33 GR-B,1369798.3639960,5098555.0952540,480.0600000,*,S44.2298667,E170.1176111,,,,,,,,441347.52S,1700703.4E,NZUK,,,,
THR RWY 15G,1369812.6264114,5098458.9024261,478.8408000,*,S44.2307361,E170.1177472,,,,,,,,441350.65S,1700703.89E,NZUK,,,,
RWY RWY-15/33 GR-B,1370061.5901179,5097048.4386939,463.9056000,*,S44.2434972,E170.1202417,,,,,,,,441436.59S,1700712.87E,NZUK,,,,
THR RWY 33G,1370061.5901179,5097048.4386939,463.9056000,*,S44.2434972,E170.1202417,,,,,,,,441436.59S,1700712.87E,NZUK,,,,
THR RWY 15,1369872.2796267,5098113.7648352,475.1832000,*,S44.2338583,E170.1183417,,,,,,,,441401.89S,1700706.03E,NZUK,,,,
THR RWY 07,1369864.7337218,5098258.4477745,477.0120000,*,S44.2325550,E170.1183108,,,,,,,,441357.198S,1700705.919E,NZUK,,,,
RWY RWY-07/25,1369774.8212376,5098254.0233603,477.0120000,*,S44.2325664,E170.1171844,,,,,,,,441357.239S,1700701.864E,NZUK,,,,
THR RWY 25,1370324.3184878,5098281.0569654,474.8784000,*,S44.2324967,E170.1240683,,,,,,,,441356.988S,1700726.646E,NZUK,,,,
THR RWY 19,1796714.5238652,5699163.0016932,198.1200000,*,S38.8343694,E175.2663444,,,,,,,,385003.73S,1751558.84E,NZTM,,,,
THR RWY 01,1796024.1426068,5698194.1877127,195.0720000,*,S38.8432472,E175.2586722,,,,,,,,385035.69S,1751531.22E,NZTM,,,,
THR RWY 10,1867353.0459429,5707467.6570609,394.4112000,*,S38.7410278,E176.0760056,,,,,,,,384427.70S,1760433.62E,NZAP,,,,
THR RWY 28,1867901.6664997,5707082.4679686,401.7264000,*,S38.7443278,E176.0824583,,,,,,,,384439.58S,1760456.85E,NZAP,,,,
THR RWY 17,1868327.4071052,5708136.1694308,406.9080000,*,S38.7347167,E176.0869417,,,,,,,,384404.98S,1760512.99E,NZAP,,,,
THR RWY 35,1867926.0122213,5706807.8417415,403.5552000,*,S38.7467917,E176.0828444,,,,,,,,384448.45S,1760458.24E,NZAP,,,,
THR RWY 05G,1701250.4396724,5681324.6256337,27.1272000,*,S39.0112489,E174.1694532,,,,,,,,390040.4961S,1741010.0314E,NZNP,,,,
THR RWY 23G,1702226.7079979,5681741.8478973,27.7368000,*,S39.0073764,E174.1806644,,,,,,,,390026.5551S,1741050.3920E,NZNP,,,,
THR RWY 23,1702508.4018669,5681930.4289043,24.9936000,*,S39.0056444,E174.1838889,,,,,,,,390020.32S,1741102.00E,NZNP,,,,
THR RWY 05,1701304.7014516,5681412.9118512,27.1272000,*,S39.0104472,E174.1700667,,,,,,,,390037.61S,1741012.24E,NZNP,,,,
THR RWY 32,1702531.7169073,5681411.2240270,28.0416000,*,S39.0103194,E174.1842361,,,,,,,,390037.15S,1741103.25E,NZNP,,,,
THR RWY 14,1702057.9156752,5682513.4477834,21.6408000,*,S39.0004444,E174.1786000,,,,,,,,390001.60S,1741042.96E,NZNP,,,,
THR RWY 11,1394764.7801181,5124687.7182072,760.7808000,*,S44.0022806,E170.4400639,,,,,,,,440008.21S,1702624.23E,NZTL,,,,
THR RWY 29,1395369.7587750,5124105.4994361,749.8080000,*,S44.0076861,E170.4473778,,,,,,,,440027.67S,1702650.56E,NZTL,,,,
RWY RWY-11/29,1394685.2603978,5124764.6174350,2496.0000000,*,S44.0015667,E170.4391028,,,,,,,,440005.64S,1702620.77E,NZTL,,,,
RWY RWY-18/36,1679803.8693423,5421965.2306135,42.6720000,*,S41.3498583,E173.9539556,,,,,,,,412059.49S,1735714.24E,NZPN,,,,
THR RWY 36,1679840.7892123,5422025.5833792,42.6720000,*,S41.3493111,E173.9543889,,,,,,,,412057.52S,1735715.80E,NZPN,,,,
RWY RWY-18/36,1680279.8519560,5422743.3698037,42.6720000,*,S41.3428028,E173.9595417,,,,,,,,412034.09S,1735734.35E,NZPN,,,,
RWY RWY-18/36,1680248.6015243,5422691.9006797,42.6720000,*,S41.3432694,E173.9591750,,,,,,,,412035.77S,1735733.03E,NZPN,,,,
THR RWY 18,1680190.8487990,5422597.8537960,42.6720000,*,S41.3441222,E173.9584972,,,,,,,,412038.84S,1735730.59E,NZPN,,,,
THR RWY 16,1712883.3129580,5647394.9673249,288.3408000,*,S39.3154889,E174.3094389,,,,,,,,391855.76S,1741833.98E,NZSD,,,,
THR RWY 34,1712813.0531287,5646893.0649473,281.9400000,*,S39.3200194,E174.3087083,,,,,,,,391912.07S,1741831.35E,NZSD,,,,
THR RWY 27,1713194.2414516,5646968.0172059,281.3304000,*,S39.3192944,E174.3131167,,,,,,,,391909.46S,1741847.22E,NZSD,,,,
THR RWY 09,1712362.1588370,5647315.2346034,288.3408000,*,S39.3162750,E174.3034083,,,,,,,,391858.59S,1741812.27E,NZSD,,,,
THR RWY 23,1826591.8917549,5884372.7933112,1.8288000,*,S37.1596056,E175.5517750,,,,,,,,370934.58S,1753306.39E,NZTH,,,,
THR RWY 05,1826044.5785687,5884162.3321977,1.2192000,*,S37.1616333,E175.5456806,,,,,,,,370941.88S,1753244.45E,NZTH,,,,
RWY RWY-05/23,1826025.8692813,5884155.1231095,1.2192000,*,S37.1617028,E175.5454722,,,,,,,,370942.13S,1753243.70E,NZTH,,,,
RWY RWY-05/23,1826685.6738416,5884408.2091564,1.8288000,*,S37.1592639,E175.5528194,,,,,,,,370933.35S,1753310.15E,NZTH,,,,
RWY RWY-14/32,1826478.4712764,5883726.8400699,3.0480000,*,S37.1654500,E175.5506944,,,,,,,,370955.62S,1753302.50E,NZTH,,,,
THR RWY 32,1826444.9433458,5883820.2811694,3.0480000,*,S37.1646167,E175.5502889,,,,,,,,370952.62S,1753301.04E,NZTH,,,,
THR RWY 14,1826136.2000271,5884678.0866738,3.3528000,*,S37.1569667,E175.5465556,,,,,,,,370925.08S,1753247.60E,NZTH,,,,
RWY RWY-14/32,1826102.4582370,5884773.0737512,3.3528000,*,S37.1561194,E175.5461472,,,,,,,,370922.03S,1753246.13E,NZTH,,,,
RWY RWY-02/20,1910098.0056831,5534636.9328347,4.5720000,*,S40.2812750,E176.6474417,,,,,,,,401652.59S,1763850.79E,NZPO,,,,
THR RWY 20,1910669.9191385,5535112.9128556,2.7432000,*,S40.2767833,E176.6539250,,,,,,,,401636.42S,1763914.13E,NZPO,,,,
THR RWY 02,1910157.3180485,5534686.7003766,4.5720000,*,S40.2808056,E176.6481139,,,,,,,,401650.90S,1763853.21E,NZPO,,,,
THR RWY 23,1855079.5882014,5899089.2634561,5.7912000,*,S37.0197750,E175.8672444,,,,,,,,370111.19S,1755202.08E,NZUN,,,,
RWY RWY-05/23,1854355.4724891,5898826.9087043,5.7912000,*,S37.0223333,E175.8592028,,,,,,,,370120.40S,1755133.13E,NZUN,,,,
RWY RWY-05/23,1855152.6380813,5899116.0626969,5.7912000,*,S37.0195139,E175.8680556,,,,,,,,370110.25S,1755205.00E,NZUN,,,,
THR RWY 05,1854428.0045120,5898853.1123209,5.7912000,*,S37.0220778,E175.8600083,,,,,,,,370119.48S,1755136.03E,NZUN,,,,
RWY RWY-16/34,1312163.4071963,4952964.9208414,151.4856000,*,S45.5173667,E169.3146000,,,,,,,,453102.52S,1691852.56E,NZRX,,,,
THR RWY 34,1312175.1800001,4953044.6284306,151.4856000,*,S45.5166556,E169.3147972,,,,,,,,453059.96S,1691853.27E,NZRX,,,,
RWY RWY-16/34,1312345.4472078,4954227.5746274,152.7048000,*,S45.5061000,E169.3176667,,,,,,,,453021.96S,1691903.60E,NZRX,,,,
THR RWY 16,1312343.1132511,4954207.3666935,152.7048000,*,S45.5062806,E169.3176250,,,,,,,,453022.61S,1691903.45E,NZRX,,,,
THR RWY 25,1688336.1481850,6004823.6189405,1.8288000,*,S36.0972111,E173.9813139,,,,,,,,360549.96S,1735852.73E,NZRW,,,,
THR RWY 07,1687656.2833465,6004834.7674864,1.8288000,*,S36.0971722,E173.9737611,,,,,,,,360549.82S,1735825.54E,NZRW,,,,
RWY RWY-07/25,1688373.1474687,6004822.3210414,1.8288000,*,S36.0972194,E173.9817250,,,,,,,,360549.99S,1735854.21E,NZRW,,,,
RWY RWY-07/25,1688450.1685083,6004821.8512592,1.8288000,*,S36.0972167,E173.9825806,,,,,,,,360549.98S,1735857.29E,NZRW,,,,
THR RWY 05G,1649540.8212889,5302802.9761167,5.7912000,*,S42.4255056,E173.6022194,,,,,,,,422531.82S,1733607.99E,NZKI,,,,
THR RWY 23G,1650107.1446850,5303032.1284092,5.7912000,*,S42.4234056,E173.6090833,,,,,,,,422524.26S,1733632.70E,NZKI,,,,
THR RWY 05,1649363.5305369,5302712.0034843,5.7912000,*,S42.4263361,E173.6000722,,,,,,,,422534.81S,1733600.26E,NZKI,,,,
THR RWY 23,1650009.4314016,5302981.9336249,5.7912000,*,S42.4238639,E173.6079000,,,,,,,,422525.91S,1733628.44E,NZKI,,,,
THR RWY 28,1822022.0961385,5540337.5350361,65.2272000,*,S40.2579917,E175.6107194,,,,,,,,401528.77S,1753638.59E,NZFI,,,,
THR RWY 10,1821226.1080395,5540818.6589105,65.2272000,*,S40.2538722,E175.6012028,,,,,,,,401513.94S,1753604.33E,NZFI,,,,
RWY RWY-10/28,1821140.1358351,5540870.5643654,65.2272000,*,S40.2534278,E175.6001750,,,,,,,,401512.34S,1753600.63E,NZFI,,,,
THR RWY 24,1618747.8419539,5428411.8385479,3.9624000,*,S41.2955250,E173.2239222,,,,,,,,411743.89S,1731326.12E,NZNS,,,,
THR RWY 06,1618225.5659922,5428349.9493837,4.2672000,*,S41.2960944,E173.2176861,,,,,,,,411745.94S,1731303.67E,NZNS,,,,
THR RWY 20G,1618751.8381999,5428788.9743222,4.8768000,*,S41.2921278,E173.2239583,,,,,,,,411731.66S,1731326.25E,NZNS,,,,
THR RWY 02G,1618362.0906077,5428352.6895599,4.5720000,*,S41.2960667,E173.2193167,,,,,,,,411745.84S,1731309.54E,NZNS,,,,
THR RWY 02,1618330.1372448,5427763.1515009,2.7432000,*,S41.3013778,E173.2189528,,,,,,,,411804.96S,1731308.23E,NZNS,,,,
THR RWY 20,1619214.6493221,5428778.2060873,3.6576000,*,S41.2922139,E173.2294861,,,,,,,,411731.97S,1731346.15E,NZNS,,,,
THR RWY 34,1751149.1033875,5422486.5670397,7.3152000,*,S41.3349387,E174.8063584,,,,,,,,412005.7794S,1744822.8901E,NZWN,,,,
THR RWY 16,1751278.8451637,5424296.1937164,12.4968000,*,S41.3186219,E174.8074577,,,,,,,,411907.0388S,1744826.8477E,NZWN,,,,
THR RWY 34G,1767516.8584425,5469655.8352418,5.1816000,*,S40.9070583,E174.9889917,,,,,,,,405425.41S,1745920.37E,NZPP,,,,
THR RWY 16G,1767529.9562248,5470211.2194901,5.4864000,*,S40.9020556,E174.9889972,,,,,,,,405407.40S,1745920.39E,NZPP,,,,
THR RWY 30G,1767690.9655801,5469890.0676431,5.1816000,*,S40.9049139,E174.9909944,,,,,,,,405417.69S,1745927.58E,NZPP,,,,
THR RWY 16,1767441.7161140,5470290.4315608,5.4864000,*,S40.9013605,E174.9879288,,,,,,,,405404.8977S,1745916.5438E,NZPP,,,,
THR RWY 34,1767417.2801698,5469248.5851421,4.5720000,*,S40.9107452,E174.9879199,,,,,,,,405438.6826S,1745916.5115E,NZPP,,,,
RWY RWY-16/34,1767445.1252050,5470435.0811571,5.7912000,*,S40.9000575,E174.9879303,,,,,,,,405400.207S,1745916.549E,NZPP,,,,
THR RWY 06,1671832.9022218,5403345.9518016,32.6136000,*,S41.5183039,E173.8608965,,,,,,,,413105.8942S,1735139.2273E,NZWB,,,,
THR RWY 24,1673254.7409966,5403432.0227895,23.7744000,*,S41.5173999,E173.8779244,,,,,,,,413102.6398S,1735240.5279E,NZWB,,,,
RWY RWY-10/28,1673035.7852763,5403173.9771289,27.4320000,*,S41.5197440,E173.8753319,,,,,,,,413111.0784S,1735231.195E,NZWB,,,,
THR RWY 28,1673010.4643159,5403190.0649179,27.4320000,*,S41.5196014,E173.8750266,,,,,,,,413110.5651S,1735230.0956E,NZWB,,,,
THR RWY 10,1672069.7706249,5403787.7848971,29.2608000,*,S41.5143033,E173.8636821,,,,,,,,413051.4920S,1735149.2554E,NZWB,,,,
THR RWY 06G,1671830.4364960,5403499.1574236,31.6992000,*,S41.5169243,E173.8608486,,,,,,,,413100.9276S,1735139.0551E,NZWB,,,,
THR RWY 24G,1673239.1977676,5403584.6745908,23.7744000,*,S41.5160265,E173.8777196,,,,,,,,413057.6955S,1735239.7905E,NZWB,,,,
RWY RWY-11/29,1197933.5466852,5040559.8603213,3.0480000,*,S44.6755528,E167.9272500,,,,,,,,444031.99S,1675538.10E,NZMF,,,,
THR RWY 11,1197258.3970180,5040978.9454554,0.6096000,*,S44.6714167,E167.9190944,,,,,,,,444017.10S,1675508.74E,NZMF,,,,
THR RWY 29,1197914.7028522,5040571.3849188,3.0480000,*,S44.6754389,E167.9270222,,,,,,,,444031.58S,1675537.28E,NZMF,,,,
THR RWY 29,1562879.5528555,5184181.2626992,28.9560000,*,S43.4943722,E172.5408833,,,,,,,,432939.74S,1723227.18E,NZCH,,,,
THR RWY 11,1561541.5612587,5185294.8559813,35.0520000,*,S43.4842778,E172.5244139,,,,,,,,432903.40S,1723127.89E,NZCH,,,,
THR RWY 02,1561364.0835346,5183810.8571735,37.4904000,*,S43.4976306,E172.5221139,,,,,,,,432951.47S,1723119.61E,NZCH,,,,
THR RWY 20,1563466.4027360,5186337.2101494,28.3464000,*,S43.4749889,E172.5482861,,,,,,,,432829.96S,1723253.83E,NZCH,,,,
THR RWY 20G,1562380.0920817,5185500.4296212,34.1376000,*,S43.4824694,E172.5347972,,,,,,,,432856.89S,1723205.27E,NZCH,,,,
THR RWY 02G,1562051.4282794,5185104.6255516,34.1376000,*,S43.4860167,E172.5307056,,,,,,,,432909.66S,1723150.54E,NZCH,,,,
THR RWY 30,1435606.6837719,5268341.0836734,46.6344000,*,S42.7198415,E170.9922421,,,,,,,,424311.4295S,1705932.0714E,NZHK,,,,
THR RWY 12,1434943.6064311,5269312.3423473,37.1856000,*,S42.7109580,E170.9844317,,,,,,,,424239.4489S,1705903.9541E,NZHK,,,,
THR RWY 03,1434608.2455034,5269033.5398308,37.7952000,*,S42.7133951,E170.9802576,,,,,,,,424248.2224S,1705848.9272E,NZHK,,,,
THR RWY 21,1435560.6214932,5269682.0496072,35.6616000,*,S42.7077630,E170.9920691,,,,,,,,424227.9467S,1705931.4487E,NZHK,,,,
RWY RWY-03/21,1435627.5747051,5269727.6135312,35.3568000,*,S42.7073672,E170.9928994,,,,,,,,424226.5220S,1705934.4377E,NZHK,,,,
RWY RWY-03/21,1434541.3661488,5268988.0010222,38.1000000,*,S42.7137906,E170.9794280,,,,,,,,424249.6460S,1705845.9409E,NZHK,,,,
THR RWY 26,1562804.5787346,5146786.2482987,7.9248000,*,S43.8310639,E172.5373778,,,,,,,,434951.83S,1723214.56E,NZTJ,,,,
THR RWY 08,1562482.8666344,5146882.5517835,7.0104000,*,S43.8301806,E172.5333833,,,,,,,,434948.65S,1723200.18E,NZTJ,,,,
THR RWY 19,1563154.2004064,5147173.5384829,7.9248000,*,S43.8275944,E172.5417528,,,,,,,,434939.34S,1723230.31E,NZTJ,,,,
THR RWY 01,1562572.2292503,5146402.0681885,7.9248000,*,S43.8345111,E172.5344611,,,,,,,,435004.24S,1723204.06E,NZTJ,,,,
THR RWY 26,1448943.0513504,5038568.5078497,21.6408000,*,S44.7903167,E171.0903611,,,,,,,,444725.14S,1710525.30E,NZWM,,,,
THR RWY 08,1448432.0742664,5038710.2359905,23.4696000,*,S44.7889333,E171.0839472,,,,,,,,444720.16S,1710502.21E,NZWM,,,,
RWY RWY-04/22,1449331.7477013,5038774.9083957,21.0312000,*,S44.7885417,E171.0953333,,,,,,,,444718.75S,1710543.20E,NZWM,,,,
THR RWY 22,1449304.3718430,5038760.9913580,21.0312000,*,S44.7886611,E171.0949833,,,,,,,,444719.18S,1710541.94E,NZWM,,,,
THR RWY 04,1448783.0863886,5038490.0340336,22.5552000,*,S44.7909889,E171.0883167,,,,,,,,444727.56S,1710517.94E,NZWM,,,,
THR RWY 02,1202746.7393154,5075225.4834539,9.1440000,*,S44.3673361,E168.0143972,,,,,,,,442202.41S,1680051.83E,NZMJ,,,,
THR RWY 20,1203050.4155847,5075568.5805473,9.1440000,*,S44.3644250,E168.0184556,,,,,,,,442151.93S,1680106.44E,NZMJ,,,,
RWY RWY-02/20,1202674.7662426,5075145.2122526,9.1440000,*,S44.3680167,E168.0134361,,,,,,,,442204.86S,1680048.37E,NZMJ,,,,
RWY RWY-04RL/22L,1551376.9663911,5186197.2263668,86.2584000,*,S43.4755611,E172.3988028,,,,,,,,432832.02S,1722355.69E,NZWL,,,,
THR RWY 04,1550441.8762676,5185832.2289721,92.9640000,*,S43.4787861,E172.3872083,,,,,,,,432843.63S,1722313.95E,NZWL,,,,
THR RWY 22,1551358.3505222,5186223.9323303,86.2584000,*,S43.4753194,E172.3985750,,,,,,,,432831.15S,1722354.87E,NZWL,,,,
THR RWY 35,1550524.8186626,5185551.1682407,89.9160000,*,S43.4813222,E172.3882083,,,,,,,,432852.76S,1722317.55E,NZWL,,,,
THR RWY 17,1550665.2142705,5186227.2202456,85.0392000,*,S43.4752444,E172.3900056,,,,,,,,432830.88S,1722324.02E,NZWL,,,,
THR RWY 29,1551455.3005150,5185740.2706762,85.6488000,*,S43.4796806,E172.3997306,,,,,,,,432846.85S,1722359.03E,NZWL,,,,
THR RWY 11,1550861.6270406,5186282.0285242,91.4400000,*,S43.4747639,E172.3924389,,,,,,,,432829.15S,1722332.78E,NZWL,,,,
THR RWY 31,1674295.8784624,6076151.4432380,167.0304000,*,S35.4553417,E173.8187389,,,,,,,,352719.23S,1734907.46E,NZKO,,,,
THR RWY 13,1673772.5151336,6076914.3064982,162.4584000,*,S35.4485028,E173.8129028,,,,,,,,352654.61S,1734846.45E,NZKO,,,,
THR RWY 35,1673918.7014491,6075961.9997533,160.3248000,*,S35.4570778,E173.8146000,,,,,,,,352725.48S,1734852.56E,NZKO,,,,
THR RWY 17,1674159.9315050,6077483.8663787,174.6504000,*,S35.4433389,E173.8171194,,,,,,,,352636.02S,1734901.63E,NZKO,,,,
RWY RWY-02/20,1902348.6862757,5567002.6757578,131.0640000,*,S39.9930694,E176.5413000,,,,,,,,395935.05S,1763228.68E,NZYP,,,,
THR RWY 20,1902212.7458519,5566876.1826668,131.0640000,*,S39.9942556,E176.5397694,,,,,,,,395939.32S,1763223.17E,NZYP,,,,
THR RWY 02,1901575.7595629,5566282.7660566,131.0640000,*,S39.9998194,E176.5325972,,,,,,,,395959.35S,1763157.35E,NZYP,,,,
THR RWY 04,1511604.1380262,5195881.7894098,365.4552000,*,S43.3847306,E171.9086694,,,,,,,,432305.03S,1715431.21E,NZSF,,,,
RWY RWY-04/22,1512177.6427130,5196219.1025043,360.5784000,*,S43.3817611,E171.9158028,,,,,,,,432254.34S,1715456.89E,NZSF,,,,
RWY RWY-04/22,1511457.4069057,5195796.5607860,370.6368000,*,S43.3854806,E171.9068444,,,,,,,,432307.73S,1715424.64E,NZSF,,,,
THR RWY 22,1512108.1870478,5196178.0886381,361.4928000,*,S43.3821222,E171.9149389,,,,,,,,432255.64S,1715453.78E,NZSF,,,,
THR RWY 28,1512032.5155615,5195836.7799817,363.9312000,*,S43.3851861,E171.9139500,,,,,,,,432306.67S,1715450.22E,NZSF,,,,
THR RWY 10,1511638.7006050,5196146.9725709,367.2840000,*,S43.3823472,E171.9091389,,,,,,,,432256.45S,1715432.90E,NZSF,,,,
RWY RWY-10/28,1511505.6621669,5196252.9132500,368.5032000,*,S43.3813778,E171.9075139,,,,,,,,432252.96S,1715427.05E,NZSF,,,,
RWY RWY-10/28,1512172.7934075,5195726.6038288,362.7120000,*,S43.3861944,E171.9156639,,,,,,,,432310.30S,1715456.39E,NZSF,,,,
THR RWY 27,2065656.0874918,5793674.3936519,67.0560000,*,S37.8853500,E178.2936639,,,,,,,,375307.26S,1781737.19E,NZRR,,,,
RWY RWY-09/27,2065735.2067672,5793612.0115030,67.0560000,*,S37.8858694,E178.2946000,,,,,,,,375309.13S,1781740.56E,NZRR,,,,
THR RWY 09,2064948.3801250,5794235.8519302,76.2000000,*,S37.8806722,E178.2852889,,,,,,,,375250.42S,1781707.04E,NZRR,,,,
RWY RWY-04/22,1559039.4393677,5213227.6331940,115.8240000,*,S43.2326333,E172.4955611,,,,,,,,431357.48S,1722944.02E,NZLA,,,,
THR RWY 22,1558977.3403883,5213201.6535682,115.8240000,*,S43.2328639,E172.4947944,,,,,,,,431358.31S,1722941.26E,NZLA,,,,
THR RWY 04,1558407.0085860,5212924.2435542,115.8240000,*,S43.2353306,E172.4877500,,,,,,,,431407.19S,1722915.90E,NZLA,,,,
RWY RWY-04/22,1558356.8573260,5212900.1822938,115.8240000,*,S43.2355444,E172.4871306,,,,,,,,431407.96S,1722913.67E,NZLA,,,,
THR RWY 25,1558861.4343518,5213084.3424699,115.8240000,*,S43.2339139,E172.4933583,,,,,,,,431402.09S,1722936.09E,NZLA,,,,
THR RWY 07,1558448.4110962,5213087.9980267,115.8240000,*,S43.2338583,E172.4882722,,,,,,,,431401.89S,1722917.78E,NZLA,,,,
RWY RWY-07/25,1558412.7681976,5213088.7053500,115.8240000,*,S43.2338500,E172.4878333,,,,,,,,431401.86S,1722916.20E,NZLA,,,,
THR RWY 01,1926719.4569451,5742303.6177451,167.6400000,*,S38.4078083,E176.7414972,,,,,,,,382428.11S,1764429.39E,NZGA,,,,
THR RWY 19,1927231.8976211,5743172.3668882,167.6400000,*,S38.3998083,E176.7469500,,,,,,,,382359.31S,1764449.02E,NZGA,,,,
THR RWY 15,1684667.4309575,5410496.3538315,6.0960000,*,S41.4526528,E174.0136889,,,,,,,,412709.55S,1740049.28E,NZCL,,,,
THR RWY 33,1684774.1713709,5409803.9051191,6.0960000,*,S41.4588778,E174.0150639,,,,,,,,412731.96S,1740054.23E,NZCL,,,,
RWY RWY-15/33,1684659.1959324,5410546.1078973,6.0960000,*,S41.4522056,E174.0135833,,,,,,,,412707.94S,1740048.90E,NZCL,,,,
THR RWY 30,1677424.1442821,5400350.7459569,30.4800000,*,S41.5447583,E173.9282833,,,,,,,,413241.13S,1735541.82E,NZOM,,,,
THR RWY 12,1676732.9811121,5401071.8438360,30.4800000,*,S41.5383306,E173.9199056,,,,,,,,413217.99S,1735511.66E,NZOM,,,,
THR RWY 25,1677404.5117877,5400809.5914058,30.4800000,*,S41.5406278,E173.9279889,,,,,,,,413226.26S,1735540.76E,NZOM,,,,
THR RWY 07,1676716.0750300,5400746.3233134,30.4800000,*,S41.5412639,E173.9197444,,,,,,,,413228.55S,1735511.08E,NZOM,,,,
RWY RWY-01/19,1677382.1640912,5401102.2222873,30.4800000,*,S41.5379944,E173.9276833,,,,,,,,413216.78S,1735539.66E,NZOM,,,,
THR RWY 19,1677363.8126815,5401076.5112689,30.4800000,*,S41.5382278,E173.9274667,,,,,,,,413217.62S,1735538.88E,NZOM,,,,
THR RWY 01,1676780.3688156,5400299.6505280,30.4800000,*,S41.5452806,E173.9205722,,,,,,,,413243.01S,1735514.06E,NZOM,,,,
THR RWY 01G,1923030.2730923,5604448.4853406,20.4216000,*,S39.6487639,E176.7646139,,,,,,,,393855.55S,1764552.61E,NZHS,,,,
RWY RWY-01/19 GR,1922983.2376586,5604369.2047176,20.4216000,*,S39.6494944,E176.7641056,,,,,,,,393858.18S,1764550.78E,NZHS,,,,
THR RWY 19G,1923430.5204810,5605129.2953503,21.3360000,*,S39.6424917,E176.7689361,,,,,,,,393832.97S,1764608.17E,NZHS,,,,
RWY RWY-01/19,1922938.0596114,5604414.2097330,18.5928000,*,S39.6491069,E176.7635581,,,,,,,,393856.7847S,1764548.8093E,NZHS,,,,
THR RWY 01,1922993.6602987,5604504.8311796,18.5928000,*,S39.6482711,E176.7641606,,,,,,,,393853.776S,1764550.978E,NZHS,,,,
THR RWY 19,1923500.7203641,5605331.3314894,19.2024000,*,S39.6406487,E176.7696537,,,,,,,,393826.3352S,1764610.7534E,NZHS,,,,
RWY RWY-11/29,1923354.5418938,5604497.8910256,21.9456000,*,S39.6481972,E176.7683611,,,,,,,,393853.51S,1764606.10E,NZHS,,,,
THR RWY 29,1923310.3983674,5604538.6746846,21.9456000,*,S39.6478472,E176.7678278,,,,,,,,393852.25S,1764604.18E,NZHS,,,,
THR RWY 11,1922831.7529525,5604976.7885489,21.9456000,*,S39.6440889,E176.7620472,,,,,,,,393838.72S,1764543.37E,NZHS,,,,
RWY RWY-11/29,1922701.5722795,5605096.2529183,21.9456000,*,S39.6430639,E176.7604750,,,,,,,,393835.03S,1764537.71E,NZHS,,,,
RWY RWY-13/31,1543234.1557008,5372292.9826738,162.1536000,*,S41.7991944,E172.3167139,,,,,,,,414757.10S,1721900.17E,NZMR,,,,
THR RWY 31,1543195.6268312,5372349.4264384,161.8488000,*,S41.7986833,E172.3162556,,,,,,,,414755.26S,1721858.52E,NZMR,,,,
THR RWY 13,1542913.2925663,5372763.5485081,160.6296000,*,S41.7949333,E172.3128972,,,,,,,,414741.76S,1721846.43E,NZMR,,,,
THR RWY 13,1853027.2880738,5764227.9915238,365.7600000,*,S38.2343722,E175.8908833,,,,,,,,381403.74S,1755327.18E,NZTO,,,,
THR RWY 31,1853639.2016672,5763287.0310271,372.7704000,*,S38.2426694,E175.8982028,,,,,,,,381433.61S,1755353.53E,NZTO,,,,
THR RWY 31,1853567.8775114,5763395.4271530,372.1608000,*,S38.2417139,E175.8973500,,,,,,,,381430.17S,1755350.46E,NZTO,,,,
THR RWY 13,1853099.0198095,5764108.7875246,365.7600000,*,S38.2354250,E175.8917444,,,,,,,,381407.53S,1755330.28E,NZTO,,,,
THR RWY 21,1473702.8050719,5117489.7985581,80.7720000,*,S44.0848806,E171.4224694,,,,,,,,440505.57S,1712520.89E,NZRI,,,,
THR RWY 03,1473271.4040557,5117155.5902458,81.6864000,*,S44.0878139,E171.4170028,,,,,,,,440516.13S,1712501.21E,NZRI,,,,
THR RWY 12,1472740.2931365,5118059.2551392,87.7824000,*,S44.0795889,E171.4105889,,,,,,,,440446.52S,1712438.12E,NZRI,,,,
THR RWY 30,1473349.8540811,5117217.5924701,81.6864000,*,S44.0872694,E171.4179972,,,,,,,,440514.17S,1712504.79E,NZRI,,,,
THR RWY 27G,1802970.3636908,5546506.2059023,45.7200000,*,S40.2073000,E175.3849361,,,,,,,,401226.28S,1752305.77E,NZOH,,,,
RWY RWY-09/27 GR,1802291.3648564,5546754.6346083,45.7200000,*,S40.2052278,E175.3768861,,,,,,,,401218.82S,1752236.79E,NZOH,,,,
THR RWY 33,1803413.9685823,5545390.7599705,39.9288000,*,S40.2172333,E175.3904972,,,,,,,,401302.04S,1752325.79E,NZOH,,,,
THR RWY 15,1803087.1456469,5547347.0456614,49.0728000,*,S40.1997028,E175.3860417,,,,,,,,401158.93S,1752309.75E,NZOH,,,,
RWY RWY-15/33,1803059.4275736,5547491.7983921,49.9872000,*,S40.1984065,E175.3856706,,,,,,,,401154.2633S,1752308.4141E,NZOH,,,,
THR RWY 29,1802891.2300967,5546220.4233264,45.7200000,*,S40.2098917,E175.3840972,,,,,,,,401235.61S,1752302.75E,NZOH,,,,
THR RWY 09G,1802291.3648564,5546754.6346083,45.7200000,*,S40.2052278,E175.3768861,,,,,,,,401218.82S,1752236.79E,NZOH,,,,
THR RWY 23,1803045.9118491,5546570.5201153,45.7200000,*,S40.2067028,E175.3858028,,,,,,,,401224.13S,1752308.89E,NZOH,,,,
THR RWY 05,1802510.3656961,5546407.1609641,45.7200000,*,S40.2083028,E175.3795667,,,,,,,,401229.89S,1752246.44E,NZOH,,,,
RWY RWY-09/27,1801941.3914949,5547098.1985050,45.7200000,*,S40.2022194,E175.3726694,,,,,,,,401207.99S,1752221.61E,NZOH,,,,
THR RWY 27,1804226.9185440,5546243.0351231,45.1104000,*,S40.2093639,E175.3997722,,,,,,,,401233.71S,1752359.18E,NZOH,,,,
THR RWY 09,1802081.0161174,5547046.0154161,45.7200000,*,S40.2026556,E175.3743250,,,,,,,,401209.56S,1752227.57E,NZOH,,,,
THR RWY 09G,1943685.6605088,5795808.1999648,5.7912000,*,S37.9203639,E176.9095611,,,,,,,,375513.31S,1765434.42E,NZWK,,,,
THR RWY 27G,1944368.9821784,5795495.8832242,5.7912000,*,S37.9229139,E176.9174667,,,,,,,,375522.49S,1765502.88E,NZWK,,,,
THR RWY 27,1944889.2978106,5795317.3440798,5.7912000,*,S37.9243222,E176.9234583,,,,,,,,375527.56S,1765524.45E,NZWK,,,,
THR RWY 09,1943724.5164200,5795853.5232813,5.4864000,*,S37.9199417,E176.9099806,,,,,,,,375511.79S,1765435.93E,NZWK,,,,
THR RWY 21,1827209.2744048,5580744.6728437,252.9840000,*,S39.8929389,E175.6574694,,,,,,,,395334.58S,1753926.89E,NZFL,,,,
THR RWY 03,1826439.3685007,5580107.6997185,247.4976000,*,S39.8988778,E175.6486944,,,,,,,,395355.96S,1753855.30E,NZFL,,,,
THR RWY 29,1571719.0027972,5497331.2349030,4.5720000,*,S40.6744139,E172.6653694,,,,,,,,404027.89S,1723955.33E,NZOI,,,,
THR RWY 11,1571534.8532285,5497478.2301059,4.5720000,*,S40.6730833,E172.6631972,,,,,,,,404023.10S,1723947.51E,NZOI,,,,
RWY RWY-05R/23L,1757298.3303298,5901776.6191436,4.5720000,*,S37.0170324,E174.7681889,,,,,,,,370101.3166S,1744605.4801E,NZAA,,,,
THR RWY 23L,1760661.1757367,5902865.2324171,7.0104000,*,S37.0066549,E174.8057416,,,,,,,,370023.9577S,1744820.6697E,NZAA,,,,
THR RWY 05R,1757530.6747689,5901851.8350575,4.5720000,*,S37.0163157,E174.7707838,,,,,,,,370058.7367S,1744614.8218E,NZAA,,,,
RWY RWY-09/27,1748324.0597480,5941890.6101424,62.7888000,*,S36.6570306,E174.6595194,,,,,,,,363925.31S,1743934.27E,NZNE,,,,
THR RWY 27,1748314.1813865,5941893.8636013,62.7888000,*,S36.6570028,E174.6594083,,,,,,,,363925.21S,1743933.87E,NZNE,,,,
THR RWY 09,1747857.9659070,5942025.3539627,60.3504000,*,S36.6558889,E174.6542806,,,,,,,,363921.20S,1743915.41E,NZNE,,,,
RWY RWY-09/27,1747785.7824104,5942045.0937732,59.7408000,*,S36.6557222,E174.6534694,,,,,,,,363920.60S,1743912.49E,NZNE,,,,
RWY RWY-03/21,1747660.0649563,5941696.4610991,62.4840000,*,S36.6588833,E174.6521306,,,,,,,,363931.98S,1743907.67E,NZNE,,,,
RWY RWY-03/21,1748264.0506386,5942240.9060055,64.6176000,*,S36.6538833,E174.6587806,,,,,,,,363913.98S,1743931.61E,NZNE,,,,
RWY RWY-03/21,1748256.7273611,5942233.9426404,64.6176000,*,S36.6539472,E174.6587000,,,,,,,,363914.21S,1743931.32E,NZNE,,,,
THR RWY 03,1747750.3635813,5941776.9024591,62.7888000,*,S36.6581444,E174.6531250,,,,,,,,363929.32S,1743911.25E,NZNE,,,,
THR RWY 21,1748216.6136416,5942197.9531357,64.6176000,*,S36.6542778,E174.6582583,,,,,,,,363915.40S,1743929.73E,NZNE,,,,
RWY RWY-03/21,1747667.3819881,5941703.1167825,63.0936000,*,S36.6588222,E174.6522111,,,,,,,,363931.76S,1743907.96E,NZNE,,,,
THR RWY 11,1503642.9516368,5138779.8445151,90.2208000,*,S43.8977889,E171.8002139,,,,,,,,435352.04S,1714800.77E,NZAS,,,,
RWY RWY-11/29,1504312.1106481,5138255.6792333,86.8680000,*,S43.9025944,E171.8084500,,,,,,,,435409.34S,1714830.42E,NZAS,,,,
THR RWY 29,1504212.1717866,5138331.6914744,87.1728000,*,S43.9018972,E171.8072194,,,,,,,,435406.83S,1714825.99E,NZAS,,,,
RWY RWY-11/29,1503499.8089974,5138879.5970626,90.8304000,*,S43.8968722,E171.7984500,,,,,,,,435348.74S,1714754.42E,NZAS,,,,
THR RWY 06,1503172.2557778,5138190.3846623,88.3920000,*,S43.9030333,E171.7942472,,,,,,,,435410.92S,1714739.29E,NZAS,,,,
RWY RWY-06/24,1504294.0468223,5138270.5392519,86.8680000,*,S43.9024583,E171.8082278,,,,,,,,435408.85S,1714829.62E,NZAS,,,,
THR RWY 24,1504174.3550174,5138262.0226945,87.1728000,*,S43.9025194,E171.8067361,,,,,,,,435409.07S,1714824.25E,NZAS,,,,
RWY RWY-06/24,1502909.2722086,5138170.1861429,89.0016000,*,S43.9031806,E171.7909694,,,,,,,,435411.45S,1714727.49E,NZAS,,,,
THR RWY 02,1503599.7172151,5137870.1275311,85.9536000,*,S43.9059722,E171.7995111,,,,,,,,435421.50S,1714758.24E,NZAS,,,,
THR RWY 20,1504019.9527776,5138370.2636706,87.1728000,*,S43.9015250,E171.8048333,,,,,,,,435405.49S,1714817.40E,NZAS,,,,
RWY RWY-02/20,1503518.6827597,5137781.3114136,85.3440000,*,S43.9067611,E171.7984861,,,,,,,,435424.34S,1714754.55E,NZAS,,,,
RWY RWY-02/20,1504097.7845474,5138465.5071243,87.7824000,*,S43.9006778,E171.8058194,,,,,,,,435402.44S,1714820.95E,NZAS,,,,
THR RWY 34,1503551.5731213,5137912.9381275,85.9536000,*,S43.9055806,E171.7989194,,,,,,,,435420.09S,1714756.11E,NZAS,,,,
RWY RWY-16/34,1503512.1150137,5138877.3073411,90.8304000,*,S43.8968944,E171.7986028,,,,,,,,435348.82S,1714754.97E,NZAS,,,,
THR RWY 16,1503516.4319637,5138733.8785244,90.2208000,*,S43.8981861,E171.7986306,,,,,,,,435353.47S,1714755.07E,NZAS,,,,
RWY RWY-16/34,1503551.6938557,5137797.2206983,85.3440000,*,S43.9066222,E171.7989000,,,,,,,,435423.84S,1714756.04E,NZAS,,,,
RWY RWY-18/36,1548176.1583693,5196017.9149625,120.7008000,*,S43.3869222,E172.3601611,,,,,,,,432312.92S,1722136.58E,NZFF,,,,
THR RWY 36,1548224.3051448,5196165.1337799,120.7008000,*,S43.3856000,E172.3607694,,,,,,,,432308.16S,1722138.77E,NZFF,,,,
THR RWY 18,1548460.6418234,5196891.9329436,121.0056000,*,S43.3790722,E172.3637556,,,,,,,,432244.66S,1722149.52E,NZFF,,,,
RWY RWY-18/36,1548485.7127827,5196968.3253550,121.0056000,*,S43.3783861,E172.3640722,,,,,,,,432242.19S,1722150.66E,NZFF,,,,
THR RWY 28,1548431.6965551,5196026.0406094,118.5672000,*,S43.3868667,E172.3633167,,,,,,,,432312.72S,1722147.94E,NZFF,,,,
RWY RWY-10/28,1548571.7828195,5195949.0561287,117.6528000,*,S43.3875694,E172.3650389,,,,,,,,432315.25S,1722154.14E,NZFF,,,,
THR RWY 10,1547978.3910197,5196279.8605762,121.9200000,*,S43.3845500,E172.3577444,,,,,,,,432304.38S,1722127.88E,NZFF,,,,
RWY RWY-10/28,1547916.9257996,5196313.9398833,122.5296000,*,S43.3842389,E172.3569889,,,,,,,,432303.26S,1722125.16E,NZFF,,,,
RWY RWY-05/23,1547924.7817829,5196082.9280911,121.9200000,*,S43.3863194,E172.3570639,,,,,,,,432310.75S,1722125.43E,NZFF,,,,
RWY RWY-05/23,1548661.0681398,5196309.4547782,118.5672000,*,S43.3843306,E172.3661750,,,,,,,,432303.59S,1722158.23E,NZFF,,,,
THR RWY 23,1548541.4151517,5196273.0661465,119.1768000,*,S43.3846500,E172.3646944,,,,,,,,432304.74S,1722152.90E,NZFF,,,,
THR RWY 05,1548092.9147738,5196134.2002921,121.3104000,*,S43.3858694,E172.3591444,,,,,,,,432309.13S,1722132.92E,NZFF,,,,
RWY RWY-05/23,1547963.6170103,5196094.6421280,121.9200000,*,S43.3862167,E172.3575444,,,,,,,,432310.38S,1722127.16E,NZFF,,,,
THR RWY 23,1265740.6559759,5006450.6855389,356.9208000,*,S45.0165475,E168.7577332,,,,,,,,450059.5710S,1684527.8395E,NZQN,,,,
THR RWY 05,1264026.3659315,5005975.8058329,353.5680000,*,S45.0200010,E168.7357194,,,,,,,,450112.0035S,1684408.5898E,NZQN,,,,
THR RWY 32,1264713.9486737,5005575.8311590,353.2632000,*,S45.0239168,E168.7441558,,,,,,,,450126.1004S,1684438.9608E,NZQN,,,,
THR RWY 14,1264445.2163666,5006244.8820811,356.0064000,*,S45.0177837,E168.7412002,,,,,,,,450104.0212S,1684428.3209E,NZQN,,,,
RWY RWY-07/25,1727838.0408591,5942782.9911883,2.4384000,*,S36.6519611,E174.4302333,,,,,,,,363907.06S,1742548.84E,NZPI,,,,
THR RWY 07,1727860.3786795,5942782.0417745,2.4384000,*,S36.6519667,E174.4304833,,,,,,,,363907.08S,1742549.74E,NZPI,,,,
RWY RWY-07/25,1728688.7035853,5942769.3456707,1.5240000,*,S36.6519694,E174.4397500,,,,,,,,363907.09S,1742623.10E,NZPI,,,,
THR RWY 25,1728583.4288621,5942771.2327558,1.5240000,*,S36.6519667,E174.4385722,,,,,,,,363907.08S,1742618.86E,NZPI,,,,
THR RWY 16,1891860.1774706,5691102.9580006,709.5744000,*,S38.8804917,E176.3644639,,,,,,,,385249.77S,1762152.07E,NZRK,,,,
RWY RWY-16/34,1891867.3731210,5691212.9269870,709.5744000,*,S38.8795000,E176.3645000,,,,,,,,385246.20S,1762152.2E,NZRK,,,,
THR RWY 34,1891768.5044015,5689710.9623192,712.3176000,*,S38.8930444,E176.3640000,,,,,,,,385334.96S,1762150.40E,NZRK,,,,
THR RWY 31,1369711.9501910,5149426.5347762,634.8984000,*,S43.7723944,E170.1386194,,,,,,,,434620.62S,1700819.03E,NZMC,,,,
THR RWY 13,1369052.8080518,5150742.1611199,656.2344000,*,S43.7603583,E170.1310056,,,,,,,,434537.29S,1700751.62E,NZMC,,,,
THR RWY 35,1524914.9813193,5434114.6643345,4.5720000,*,S41.2408861,E172.1039444,,,,,,,,411427.19S,1720614.20E,NZKM,,,,
THR RWY 17,1524957.5932498,5434633.2327764,6.7056000,*,S41.2362194,E172.1045167,,,,,,,,411410.39S,1720616.26E,NZKM,,,,
THR RWY 19,1525292.7022187,5434941.3864908,8.5344000,*,S41.2334750,E172.1085528,,,,,,,,411400.51S,1720630.79E,NZKM,,,,
RWY RWY-01/19,1525299.3267129,5434953.7908136,8.5344000,*,S41.2333639,E172.1086333,,,,,,,,411400.11S,1720631.08E,NZKM,,,,
THR RWY 01,1524856.0341057,5434119.6077054,4.5720000,*,S41.2408361,E172.1032417,,,,,,,,411427.01S,1720611.67E,NZKM,,,,
THR RWY 28,1367999.5699834,5194738.6204503,92.9640000,*,S43.3643750,E170.1367528,,,,,,,,432151.75S,1700812.31E,NZFJ,,,,
THR RWY 10,1367331.0984596,5195179.2529600,85.0392000,*,S43.3602056,E170.1287000,,,,,,,,432136.74S,1700743.32E,NZFJ,,,,
THR RWY 14,1314850.6903247,4987712.8260128,228.2952000,*,S45.2063250,E169.3689861,,,,,,,,451222.77S,1692208.35E,NZLX,,,,
THR RWY 32,1315320.9489739,4986607.5440730,228.6000000,*,S45.2164444,E169.3743306,,,,,,,,451259.20S,1692227.59E,NZLX,,,,
THR RWY 14G,1314893.8532998,4987846.4924992,228.2952000,*,S45.2051417,E169.3696111,,,,,,,,451218.51S,1692210.6E,NZLX,,,,
THR RWY 32G,1315369.4664553,4986743.6127040,228.6000000,*,S45.2152417,E169.3750250,,,,,,,,451254.87S,1692230.09E,NZLX,,,,
RWY RWY-01/19,1314816.4184007,4986823.8518851,228.6000000,*,S45.2142972,E169.3680417,,,,,,,,451251.47S,1692204.95E,NZLX,,,,
THR RWY 01,1314848.3040501,4986887.4393881,228.6000000,*,S45.2137389,E169.3684833,,,,,,,,451249.46S,1692206.54E,NZLX,,,,
THR RWY 19,1315106.1590630,4987408.0058285,229.2096000,*,S45.2091667,E169.3720583,,,,,,,,451233S,1692219.41E,NZLX,,,,
THR RWY 25,1349722.1473950,4873475.4533632,6.7056000,*,S46.2461750,E169.7532833,,,,,,,,461446.23S,1694511.82E,NZBA,,,,
THR RWY 07,1349061.9586464,4873575.1151235,6.0960000,*,S46.2450361,E169.7447861,,,,,,,,461442.13S,1694441.23E,NZBA,,,,
RWY RWY-16/34,1237274.7752060,4890390.5525627,75.2856000,*,S46.0438056,E168.3116944,,,,,,,,460237.70S,1681842.10E,NZCB,,,,
RWY RWY-16/34,1237311.8848316,4891077.1135186,77.7240000,*,S46.0376667,E168.3126944,,,,,,,,460215.60S,1681845.70E,NZCB,,,,
THR RWY 16,1237310.3512265,4891051.9397764,77.7240000,*,S46.0378917,E168.3126556,,,,,,,,460216.41S,1681845.56E,NZCB,,,,
THR RWY 34,1237275.8964659,4890415.3923796,75.2856000,*,S46.0435833,E168.3117278,,,,,,,,460236.90S,1681842.22E,NZCB,,,,
THR RWY 03,1381963.1306011,4909447.0779084,0.9144000,*,S45.9339250,E170.1874722,,,,,,,,455602.13S,1701114.90E,NZDN,,,,
THR RWY 21,1383500.7245420,4910563.1750009,1.2192000,*,S45.9243778,E170.2077861,,,,,,,,455527.76S,1701228.03E,NZDN,,,,
THR RWY 32,1236582.4269220,5020685.2246211,378.8664000,*,S44.8744944,E168.3990556,,,,,,,,445228.18S,1682356.60E,NZGY,,,,
THR RWY 14,1236364.9355346,5021324.8246670,377.0376000,*,S44.8686444,E168.3967694,,,,,,,,445207.12S,1682348.37E,NZGY,,,,
THR RWY 33,1369565.2363255,5133515.5585500,541.6296000,*,S43.9154278,E170.1299417,,,,,,,,435455.54S,1700747.79E,NZGT,,,,
THR RWY 15,1369353.1802494,5134546.4132541,534.3144000,*,S43.9060917,E170.1277500,,,,,,,,435421.93S,1700739.90E,NZGT,,,,
THR RWY 24,1283632.4806167,4880438.5845237,60.0456000,*,S46.1561389,E168.9025917,,,,,,,,460922.10S,1685409.33E,NZGC,,,,
RWY RWY-06/24,1283666.5481808,4880440.9634259,60.0456000,*,S46.1561333,E168.9030333,,,,,,,,460922.08S,1685410.92E,NZGC,,,,
THR RWY 06,1283247.2702605,4880406.9116280,60.0456000,*,S46.1562444,E168.8975944,,,,,,,,460922.48S,1685351.34E,NZGC,,,,
THR RWY 12,1283240.5780636,4880677.6284264,60.0456000,*,S46.1538111,E168.8976889,,,,,,,,460913.72S,1685351.68E,NZGC,,,,
RWY RWY-12/30,1283228.7620487,4880694.0360111,60.0456000,*,S46.1536583,E168.8975472,,,,,,,,460913.17S,1685351.17E,NZGC,,,,
RWY RWY-12/30,1283537.4003035,4880252.0351860,60.0456000,*,S46.1577694,E168.9012389,,,,,,,,460927.97S,1685404.46E,NZGC,,,,
THR RWY 30,1283493.5341944,4880314.4390243,60.0456000,*,S46.1571889,E168.9007139,,,,,,,,460925.88S,1685402.57E,NZGC,,,,
THR RWY 19,1283363.2131930,4880801.2453046,60.3504000,*,S46.1527583,E168.8993556,,,,,,,,460909.93S,1685357.68E,NZGC,,,,
THR RWY 01,1282665.4854098,4879724.4977220,59.1312000,*,S46.1621000,E168.8896222,,,,,,,,460943.56S,1685322.64E,NZGC,,,,
THR RWY 06,1821603.8748816,5986400.6113482,6.4008000,*,S36.2418970,E175.4661014,,,,,,,,361430.8293S,1752757.9652E,NZGB,,,,
THR RWY 24,1822228.1590337,5986481.8168576,3.9624000,*,S36.2410222,E175.4730199,,,,,,,,361427.6800S,1752822.8715E,NZGB,,,,
THR RWY 10G,1821430.1686283,5986732.5536496,6.4008000,*,S36.2389470,E175.4640761,,,,,,,,361420.2091S,1752750.6739E,NZGB,,,,
THR RWY 28G,1822239.9128333,5986235.7492264,4.2672000,*,S36.2432359,E175.4732204,,,,,,,,361435.6492S,1752823.5935E,NZGB,,,,
THR RWY 10,1821434.2509464,5986720.0862645,6.4008000,*,S36.2390583,E175.4641250,,,,,,,,361420.61S,1752750.85E,NZGB,,,,
THR RWY 28,1822220.3392256,5986237.8835439,4.2672000,*,S36.2432212,E175.4730022,,,,,,,,361435.5962S,1752822.8078E,NZGB,,,,
RWY RWY-01/19,1450961.9735811,5296869.0818473,4.2672000,*,S42.4661889,E171.1871417,,,,,,,,422758.28S,1711113.71E,NZGM,,,,
RWY RWY-01/19,1451476.1991811,5297763.2421298,2.4384000,*,S42.4582389,E171.1936250,,,,,,,,422729.66S,1711137.05E,NZGM,,,,
RWY RWY-01/19,1450931.9961462,5296817.8318548,4.2672000,*,S42.4666444,E171.1867639,,,,,,,,422759.92S,1711112.35E,NZGM,,,,
THR RWY 01,1450967.1513270,5296883.3877863,3.3528000,*,S42.4660611,E171.1872083,,,,,,,,422757.82S,1711113.95E,NZGM,,,,
THR RWY 19,1451447.9030545,5297718.5110113,2.1336000,*,S42.4586361,E171.1932694,,,,,,,,422731.09S,1711135.77E,NZGM,,,,
THR RWY 34,1281906.7584595,5135106.5402787,6.7056000,*,S43.8685389,E169.0413278,,,,,,,,435206.74S,1690228.78E,NZHT,,,,
RWY RWY-16/34,1281908.6575352,5135085.6021010,6.7056000,*,S43.8687278,E169.0413389,,,,,,,,435207.42S,1690228.82E,NZHT,,,,
THR RWY 16,1281839.9111247,5135763.2816918,5.4864000,*,S43.8626111,E169.0408889,,,,,,,,435145.40S,1690227.20E,NZHT,,,,
RWY RWY-16/34,1281837.7430381,5135780.4959141,5.4864000,*,S43.8624556,E169.0408722,,,,,,,,435144.84S,1690227.14E,NZHT,,,,
THR RWY 36L,1805036.1929885,5806407.0278131,49.0728000,*,S37.8667611,E175.3309639,,,,,,,,375200.34S,1751951.47E,NZHN,,,,
THR RWY 18R,1805225.5849231,5807008.7049985,52.1208000,*,S37.8613000,E175.3329444,,,,,,,,375140.68S,1751958.60E,NZHN,,,,
THR RWY 36R,1804906.3997839,5805645.3163295,49.9872000,*,S37.8736500,E175.3297056,,,,,,,,375225.14S,1751946.94E,NZHN,,,,
THR RWY 18L,1805525.0773364,5807611.3246899,51.8160000,*,S37.8558056,E175.3361750,,,,,,,,375120.90S,1752010.23E,NZHN,,,,
THR RWY 25,1805147.6368319,5806893.7514671,51.8160000,*,S37.8623528,E175.3320917,,,,,,,,375144.47S,1751955.53E,NZHN,,,,
THR RWY 07,1804531.6984292,5806964.6448044,51.5112000,*,S37.8618528,E175.3250750,,,,,,,,375142.67S,1751930.27E,NZHN,,,,
THR RWY 04,1239014.4642255,4848730.5172042,1.5240000,*,S46.4184111,E168.3022589,,,,,,,,462506.2800S,1681808.1320E,NZNV,,,,
RWY RWY-04/22,1240844.1382460,4849726.9613040,1.2192000,*,S46.4104477,E168.3267541,,,,,,,,462437.6119S,1681936.3147E,NZNV,,,,
THR RWY 22,1240693.9531970,4849645.3037971,1.2192000,*,S46.4111004,E168.3247438,,,,,,,,462439.9615S,1681929.0777E,NZNV,,,,
THR RWY 12,1239915.1029963,4849461.9730340,0.3048000,*,S46.4123306,E168.3145028,,,,,,,,462444.39S,1681852.21E,NZNV,,,,
THR RWY 22G,1240605.8464783,4849415.9186836,1.2192000,*,S46.4131111,E168.3234250,,,,,,,,462447.20S,1681924.33E,NZNV,,,,
THR RWY 04G,1239983.5149512,4849081.7101750,1.5240000,*,S46.4157778,E168.3150972,,,,,,,,462456.80S,1681854.35E,NZNV,,,,
THR RWY 12,1625622.8678523,6119763.9891655,67.9704000,*,S35.0645361,E173.2810139,,,,,,,,350352.33S,1731651.65E,NZKT,,,,
THR RWY 30,1626481.0475124,6118655.6220806,82.2960000,*,S35.0745083,E173.2904611,,,,,,,,350428.23S,1731725.66E,NZKT,,,,
RWY RWY-18/36,1625870.9023538,6118187.5987186,79.2480000,*,S35.0787444,E173.2837833,,,,,,,,350443.48S,1731701.62E,NZKT,,,,
THR RWY 36,1625958.9431725,6118423.6241533,79.2480000,*,S35.0766139,E173.2847417,,,,,,,,350435.81S,1731705.07E,NZKT,,,,
THR RWY 18,1626279.2491011,6119283.4027081,78.3336000,*,S35.0688528,E173.2882278,,,,,,,,350407.87S,1731717.62E,NZKT,,,,
RWY RWY-18/36,1626314.7267015,6119377.8721812,78.3336000,*,S35.0680000,E173.2886139,,,,,,,,350404.80S,1731719.01E,NZKT,,,,
THR RWY 33G,1683157.1702557,6097463.0207915,149.9616000,*,S35.2625000,E173.9142111,,,,,,,,351545.00S,1735451.16E,NZKK,,,,
THR RWY 15G,1682993.2228704,6098128.4795529,147.5232000,*,S35.2565139,E173.9123417,,,,,,,,351523.45S,1735444.43E,NZKK,,,,
THR RWY 20,1683460.4025477,6097708.5490844,145.9992000,*,S35.2602611,E173.9175194,,,,,,,,351536.94S,1735503.07E,NZKK,,,,
THR RWY 02,1683144.8521501,6097332.8089290,147.8280000,*,S35.2636750,E173.9140889,,,,,,,,351549.23S,1735450.72E,NZKK,,,,
THR RWY 33,1683114.9169258,6097429.8273079,149.9616000,*,S35.2628028,E173.9137500,,,,,,,,351546.09S,1735449.50E,NZKK,,,,
THR RWY 15,1682830.3605666,6098584.4182096,145.6944000,*,S35.2524167,E173.9105056,,,,,,,,351508.70S,1735437.82E,NZKK,,,,
THR RWY 09,1892744.5566221,5583764.2690302,246.8880000,*,S39.8457000,E176.4214833,,,,,,,,395044.52S,1762517.34E,NZKY,,,,
THR RWY 27,1893370.5397409,5583531.1706711,238.6584000,*,S39.8475806,E176.4288917,,,,,,,,395051.29S,1762544.01E,NZKY,,,,
THR RWY 29,1579591.1018319,5376363.3024099,520.9032000,*,S41.7643028,E172.7544722,,,,,,,,414551.49S,1724516.10E,NZLE,,,,
THR RWY 11,1578387.2834075,5377328.4611274,502.3104000,*,S41.7555778,E172.7400250,,,,,,,,414520.08S,1724424.09E,NZLE,,,,
THR RWY 35,1298988.3922575,5095494.9866036,289.5600000,*,S44.2315722,E169.2309111,,,,,,,,441353.66S,1691351.28E,NZMW,,,,
THR RWY 17,1299129.8484352,5096079.3866581,301.7520000,*,S44.2263806,E169.2330139,,,,,,,,441334.97S,1691358.85E,NZMW,,,,
RWY RWY-09/27,1276385.1142999,4898127.3916630,100.5840000,*,S45.9939611,E168.8210028,,,,,,,,455938.26S,1684915.61E,NZVL,,,,
THR RWY 27,1276367.1727115,4898136.3512436,100.5840000,*,S45.9938722,E168.8207778,,,,,,,,455937.94S,1684914.80E,NZVL,,,,
THR RWY 09,1275541.9626540,4898545.3521675,102.1080000,*,S45.9898111,E168.8104278,,,,,,,,455923.32S,1684837.54E,NZVL,,,,
RWY RWY-09/27,1275504.0244443,4898565.3248038,102.1080000,*,S45.9896139,E168.8099528,,,,,,,,455922.61S,1684835.83E,NZVL,,,,
THR RWY 10,1841218.0138000,5820042.5244239,52.7304000,*,S37.7351444,E175.7373611,,,,,,,,374406.52S,1754414.50E,NZMA,,,,
THR RWY 28,1842132.2459733,5819450.1637181,55.4736000,*,S37.7402361,E175.7479222,,,,,,,,374424.85S,1754452.52E,NZMA,,,,
THR RWY 22,1841930.2108713,5820606.0304555,51.8160000,*,S37.7298833,E175.7452472,,,,,,,,374347.58S,1754442.89E,NZMA,,,,
THR RWY 04,1841168.2293404,5820233.7326126,52.7304000,*,S37.7334361,E175.7367333,,,,,,,,374400.37S,1754412.24E,NZMA,,,,
THR RWY 27,1372356.7216590,5196052.4797717,101.1936000,*,S43.3538917,E170.1910083,,,,,,,,432114.01S,1701127.63E,NZML,,,,
THR RWY 09,1372005.7583051,5196194.1520920,101.4984000,*,S43.3525111,E170.1867417,,,,,,,,432109.04S,1701112.27E,NZML,,,,
THR RWY 22,1809541.9052214,5994065.8217461,114.9096000,*,S36.1755389,E175.3299250,,,,,,,,361031.94S,1751947.73E,NZKD,,,,
THR RWY 04,1809069.0896123,5993792.2397427,121.9200000,*,S36.1781056,E175.3247444,,,,,,,,361041.18S,1751929.08E,NZKD,,,,
THR RWY 34,1932576.6541709,5623070.8542028,1.5240000,*,S39.4776944,E176.8663111,,,,,,,,392839.70S,1765158.72E,NZNR,,,,
THR RWY 16,1932800.2669136,5624808.2361285,1.8288000,*,S39.4619889,E176.8680389,,,,,,,,392743.16S,1765204.94E,NZNR,,,,
THR RWY 34G,1932761.6332027,5623508.1495914,1.8288000,*,S39.4736917,E176.8682389,,,,,,,,392825.29S,1765205.66E,NZNR,,,,
THR RWY 16G,1932856.8480338,5624269.1002138,1.8288000,*,S39.4668139,E176.8689639,,,,,,,,392800.53S,1765208.27E,NZNR,,,,
THR RWY 25,1933090.4401255,5624532.8154208,1.5240000,*,S39.4643528,E176.8715417,,,,,,,,392751.67S,1765217.55E,NZNR,,,,
THR RWY 07,1931890.7593265,5624565.4776186,1.5240000,*,S39.4645222,E176.8576111,,,,,,,,392752.28S,1765127.40E,NZNR,,,,
THR RWY 29,1449373.7771310,5018091.1856565,26.2128000,*,S44.9746444,E171.0897139,,,,,,,,445828.72S,1710522.97E,NZOU,,,,
RWY RWY-11/29,1449391.2613717,5018074.6167530,25.9080000,*,S44.9747972,E171.0899306,,,,,,,,445829.27S,1710523.75E,NZOU,,,,
THR RWY 11,1448706.9144394,5018729.3580542,28.0416000,*,S44.9687611,E171.0814528,,,,,,,,445807.54S,1710453.23E,NZOU,,,,
THR RWY 02,1448695.5386534,5018709.9463887,28.0416000,*,S44.9689333,E171.0813028,,,,,,,,445808.16S,1710452.69E,NZOU,,,,
THR RWY 20,1449280.3415466,5019321.1887473,25.9080000,*,S44.9635583,E171.0888972,,,,,,,,445748.81S,1710520.03E,NZOU,,,,
THR RWY 36,1448432.2402090,5018345.5592367,29.5656000,*,S44.9721556,E171.0778562,,,,,,,,445819.7600S,1710440.2824E,NZOU,,,,
THR RWY 18,1448981.7499974,5019505.2985282,28.0416000,*,S44.9618385,E171.0851684,,,,,,,,445742.6186S,1710506.6061E,NZOU,,,,
THR RWY 36,1817394.1096884,5996771.4861202,3.0480000,*,S36.1494367,E175.4164175,,,,,,,,360857.972S,1752459.103E,NZOX,,,,
THR RWY 18,1817698.3906845,5997456.9890538,1.8288000,*,S36.1431936,E175.4196072,,,,,,,,360835.497S,1752510.586E,NZOX,,,,
THR RWY 22,1758067.7210196,5976278.6963151,1.8288000,*,S36.3455944,E174.7614556,,,,,,,,362044.14S,1744541.24E,NZOF,,,,
THR RWY 04,1757530.0170220,5976015.0539138,4.5720000,*,S36.3480583,E174.7555194,,,,,,,,362053.01S,1744519.87E,NZOF,,,,
THR RWY 27L,1360864.3333741,5069478.8739170,412.6992000,*,S44.4884028,E169.9925417,,,,,,,,442918.25S,1695933.15E,NZOA,,,,
THR RWY 09R,1359594.3479173,5069968.3794655,420.6240000,*,S44.4835806,E169.9768194,,,,,,,,442900.89S,1695836.55E,NZOA,,,,
RWY RWY-09R/27L,1359570.1029928,5069977.9874690,420.6240000,*,S44.4834861,E169.9765194,,,,,,,,442900.55S,1695835.47E,NZOA,,,,
THR RWY 27R,1360893.2342600,5069534.9353296,412.6992000,*,S44.4879083,E169.9929306,,,,,,,,442916.47S,1695934.55E,NZOA,,,,
THR RWY 09L,1359620.0759232,5070020.3129854,420.6240000,*,S44.4831222,E169.9771667,,,,,,,,442859.24S,1695837.80E,NZOA,,,,
RWY RWY-09L/27R,1359595.4004838,5070029.5961850,420.6240000,*,S44.4830306,E169.9768611,,,,,,,,442858.91S,1695836.70E,NZOA,,,,
RWY RWY-09/27,1978486.8989804,5782713.5405438,7.6200000,*,S38.0242472,E177.3113472,,,,,,,,380127.29S,1771840.85E,NZOP,,,,
THR RWY 27,1978266.1291926,5782782.2057647,7.6200000,*,S38.0237222,E177.3088028,,,,,,,,380125.40S,1771831.69E,NZOP,,,,
THR RWY 09,1977777.3191683,5782933.7620810,7.6200000,*,S38.0225639,E177.3031694,,,,,,,,380121.23S,1771811.41E,NZOP,,,,
RWY RWY-09/27,1977513.1382652,5783015.5441788,7.6200000,*,S38.0219389,E177.3001250,,,,,,,,380118.98S,1771800.45E,NZOP,,,,
RWY RWY-11/29,1809997.8198009,5446541.6162976,38.1000000,*,S41.1052806,E175.5008306,,,,,,,,410619.01S,1753002.99E,NZPW,,,,
THR RWY 29,1809918.2745632,5446633.4112643,38.1000000,*,S41.1044750,E175.4998528,,,,,,,,410616.11S,1752959.47E,NZPW,,,,
THR RWY 11,1809669.6626262,5446919.5704895,38.1000000,*,S41.1019639,E175.4967972,,,,,,,,410607.07S,1752948.47E,NZPW,,,,
THR RWY 21,1810573.7240859,5447131.5765325,39.0144000,*,S41.0998222,E175.5074806,,,,,,,,410559.36S,1753026.93E,NZPW,,,,
THR RWY 03,1809856.0619525,5446588.8977377,37.1856000,*,S41.1048917,E175.4991278,,,,,,,,410617.61S,1752956.86E,NZPW,,,,
THR RWY 20,1481328.4130541,5173230.7000904,478.5360000,*,S43.5844444,E171.5300556,,,,,,,,433504.00S,1713148.20E,NZPH,,,,
RWY RWY-02/20,1481358.4707351,5173268.8810826,478.5360000,*,S43.5841056,E171.5304361,,,,,,,,433502.78S,1713149.57E,NZPH,,,,
THR RWY 02,1480807.3420629,5172546.5489500,457.8096000,*,S43.5905194,E171.5234528,,,,,,,,433525.87S,1713124.43E,NZPH,,,,
THR RWY 23,1763896.0449986,5814268.0370389,4.2672000,*,S37.8042765,E174.8617348,,,,,,,,374815.3953S,1745142.2451E,NZRA,,,,
RWY RWY-05/23,1763416.8154504,5814079.3780418,4.2672000,*,S37.8060619,E174.8563363,,,,,,,,374821.8228S,1745122.8105E,NZRA,,,,
THR RWY 05,1763430.5838990,5814085.3856235,4.2672000,*,S37.8060053,E174.8564912,,,,,,,,374821.6191S,1745123.3684E,NZRA,,,,
RWY RWY-05/23,1763961.2182286,5814293.6328133,4.2672000,*,S37.8040342,E174.8624689,,,,,,,,374814.5231S,1745144.8881E,NZRA,,,,
THR RWY 22,1563142.9199563,5207037.8167586,54.8640000,*,S43.2885806,E172.5456806,,,,,,,,431718.89S,1723244.45E,NZRT,,,,
THR RWY 04,1562734.7836370,5206753.6226961,54.8640000,*,S43.2911194,E172.5406306,,,,,,,,431728.03S,1723226.27E,NZRT,,,,
RWY RWY-04/22,1562719.9671412,5206743.3609468,54.8640000,*,S43.2912111,E172.5404472,,,,,,,,431728.36S,1723225.61E,NZRT,,,,
THR RWY 10,1562423.0471886,5207093.4037216,54.8640000,*,S43.2880444,E172.5368111,,,,,,,,431716.96S,1723212.52E,NZRT,,,,
RWY RWY-10/28,1562912.4643497,5206775.2662515,54.8640000,*,S43.2909333,E172.5428222,,,,,,,,431727.36S,1723234.16E,NZRT,,,,
THR RWY 28,1562893.9204975,5206787.1959936,54.8640000,*,S43.2908250,E172.5425944,,,,,,,,431726.97S,1723233.34E,NZRT,,,,
THR RWY 25,1563152.1838081,5206991.9016877,57.6072000,*,S43.2889944,E172.5457917,,,,,,,,431720.38S,1723244.85E,NZRT,,,,
RWY RWY-07/25,1562195.4640146,5207007.3027043,62.4840000,*,S43.2888083,E172.5340000,,,,,,,,431719.71S,1723202.40E,NZRT,,,,
RWY RWY-07/25,1563375.7545403,5206988.4858919,56.3880000,*,S43.2890361,E172.5485472,,,,,,,,431720.53S,1723254.77E,NZRT,,,,
THR RWY 07,1562437.0640299,5207004.0183768,61.2648000,*,S43.2888500,E172.5369778,,,,,,,,431719.86S,1723213.12E,NZRT,,,,
THR RWY 18G,1891120.2033098,5777650.1610408,284.9880000,*,S38.1020877,E176.3199819,,,,,,,,380607.5159S,1761911.9349E,NZRO,,,,
THR RWY 36G,1890795.3700668,5777019.3490266,285.2928000,*,S38.1078681,E176.3165401,,,,,,,,380628.3252S,1761859.5442E,NZRO,,,,
THR RWY 36,1890317.7703534,5776189.4406101,285.9024000,*,S38.1154889,E176.3114389,,,,,,,,380655.76S,1761841.18E,NZRO,,,,
THR RWY 18,1891157.9994450,5777830.2118101,284.9880000,*,S38.1004556,E176.3203389,,,,,,,,380601.64S,1761913.22E,NZRO,,,,
THR RWY 22,1227169.2563356,4794476.9194869,83.2104000,*,S46.8984611,E168.1048556,,,,,,,,465354.46S,1680617.48E,NZRC,,,,
THR RWY 04,1226624.4058633,4794157.1744139,85.9536000,*,S46.9010222,E168.0974667,,,,,,,,465403.68S,1680550.88E,NZRC,,,,
RWY RWY-11/29,1394753.7454371,4918344.1843699,21.9456000,*,S45.8578722,E170.3560806,,,,,,,,455128.34S,1702121.89E,NZTI,,,,
RWY RWY-11/29,1395384.0407098,4917920.7689509,24.0792000,*,S45.8618667,E170.3640111,,,,,,,,455142.72S,1702150.44E,NZTI,,,,
THR RWY 29,1395375.6432915,4917926.6704908,24.0792000,*,S45.8618111,E170.3639056,,,,,,,,455142.52S,1702150.06E,NZTI,,,,
THR RWY 11,1394820.4206454,4918299.4328445,21.9456000,*,S45.8582944,E170.3569194,,,,,,,,455129.86S,1702124.91E,NZTI,,,,
RWY RWY-05/23,1394931.7249551,4917832.5860498,21.9456000,*,S45.8625250,E170.3581528,,,,,,,,455145.09S,1702129.35E,NZTI,,,,
THR RWY 23,1395711.3166048,4918181.2044900,25.9080000,*,S45.8596222,E170.3683333,,,,,,,,455134.64S,1702206.00E,NZTI,,,,
THR RWY 05,1394950.2688823,4917839.6880792,21.9456000,*,S45.8624667,E170.3583944,,,,,,,,455144.88S,1702130.22E,NZTI,,,,
THR RWY 34,1881708.6646626,5825309.6338052,1.8288000,*,S37.6761851,E176.1942064,,,,,,,,374034.2665S,1761139.1430E,NZTG,,,,
THR RWY 16,1881741.1984933,5825608.3325120,3.9624000,*,S37.6734871,E176.1944594,,,,,,,,374024.5534S,1761140.0538E,NZTG,,,,
THR RWY 25G,1882610.8865240,5825682.4014063,3.9624000,*,S37.6725531,E176.2042773,,,,,,,,374021.1912S,1761215.3984E,NZTG,,,,
THR RWY 07G,1881817.3207188,5825761.0739540,3.9624000,*,S37.6720891,E176.1952623,,,,,,,,374019.5208S,1761142.9441E,NZTG,,,,
THR RWY 22,1881720.1704411,5826148.8933756,3.9624000,*,S37.6686288,E176.1940126,,,,,,,,374007.0637S,1761138.4453E,NZTG,,,,
THR RWY 04,1881139.3541421,5825848.4833450,3.9624000,*,S37.6715104,E176.1875527,,,,,,,,374017.4374S,1761115.1896E,NZTG,,,,
THR RWY 25,1883027.3989844,5825528.3503846,3.9624000,*,S37.6738111,E176.2090528,,,,,,,,374025.72S,1761232.59E,NZTG,,,,
THR RWY 07,1881207.6770181,5825707.4881917,3.9624000,*,S37.6727583,E176.1883806,,,,,,,,374021.93S,1761118.17E,NZTG,,,,
THR RWY 08,1181734.3318790,4944022.7352330,209.3976000,*,S45.5315667,E167.6431861,,,,,,,,453153.64S,1673835.47E,NZMO,,,,
THR RWY 26,1183308.9341660,4943800.2853104,208.1784000,*,S45.5345028,E167.6630750,,,,,,,,453204.21S,1673947.07E,NZMO,,,,
THR RWY 32,1182177.8327696,4943351.7677910,205.7400000,*,S45.5378456,E167.6482692,,,,,,,,453216.2440S,1673853.7690E,NZMO,,,,
THR RWY 14,1181817.7070861,4944253.1619665,209.3976000,*,S45.5295516,E167.6444458,,,,,,,,453146.3859S,1673840.0048E,NZMO,,,,
THR RWY 05,1790124.2712408,5820249.4220216,33.5280000,*,S37.7453194,E175.1579194,,,,,,,,374443.15S,1750928.51E,NZTE,,,,
THR RWY 23,1790909.9789667,5820527.6410784,35.0520000,*,S37.7426500,E175.1667583,,,,,,,,374433.54S,1751000.33E,NZTE,,,,
RWY RWY-16/34,1787826.9107192,5757880.2887242,48.7680000,*,S38.3075250,E175.1482083,,,,,,,,381827.09S,1750853.55E,NZTT,,,,
THR RWY 34,1787825.3379076,5757958.9758870,48.7680000,*,S38.3068167,E175.1481694,,,,,,,,381824.54S,1750853.41E,NZTT,,,,
THR RWY 16,1787794.3848885,5758728.9284245,48.7680000,*,S38.2998889,E175.1476111,,,,,,,,381759.60S,1750851.40E,NZTT,,,,
RWY RWY-16/34,1787793.1071292,5758747.1556800,48.7680000,*,S38.2997250,E175.1475917,,,,,,,,381759.01S,1750851.33E,NZTT,,,,
RWY RWY-11/29,1459262.6772587,5092561.9855242,22.8600000,*,S44.3065722,E171.2355000,,,,,,,,441823.66S,1711407.80E,NZTU,,,,
THR RWY 29,1459185.4760198,5092626.6911387,23.1648000,*,S44.3059750,E171.2345500,,,,,,,,441821.51S,1711404.38E,NZTU,,,,
THR RWY 11,1458457.2975050,5093252.1149868,25.9080000,*,S44.3002056,E171.2255944,,,,,,,,441800.74S,1711332.14E,NZTU,,,,
THR RWY 02G,1458089.4999681,5093089.4946210,26.2128000,*,S44.3015972,E171.2209417,,,,,,,,441805.75S,1711315.39E,NZTU,,,,
THR RWY 20G,1458859.1203690,5093996.3934248,25.9080000,*,S44.2935861,E171.2308306,,,,,,,,441736.91S,1711350.99E,NZTU,,,,
THR RWY 20,1458895.9779687,5093880.8141169,25.9080000,*,S44.2946333,E171.2312611,,,,,,,,441740.68S,1711352.54E,NZTU,,,,
THR RWY 02,1458069.3849134,5092902.9198605,25.9080000,*,S44.3032722,E171.2206389,,,,,,,,441811.78S,1711314.30E,NZTU,,,,
THR RWY 35,1786047.6951822,5924101.1765444,124.9680000,*,S36.8106667,E175.0856944,,,,,,,,364838.40S,1750508.50E,NZKE,,,,
RWY RWY-17/35,1786032.3822338,5924001.6075714,122.5296000,*,S36.8115667,E175.0855472,,,,,,,,364841.64S,1750507.97E,NZKE,,,,
THR RWY 17,1786128.0237811,5924623.6063478,135.6360000,*,S36.8059444,E175.0864667,,,,,,,,364821.40S,1750511.28E,NZKE,,,,
THR RWY 04,1481305.8780234,5378077.8256281,3.9624000,*,S41.7402556,E171.5726083,,,,,,,,414424.92S,1713421.39E,NZWS,,,,
THR RWY 22,1482363.5476194,5378800.2010271,3.6576000,*,S41.7339083,E171.5854667,,,,,,,,414402.07S,1713507.68E,NZWS,,,,
THR RWY 32,1772961.8551319,5573892.5337642,6.0960000,*,S39.9674406,E175.0252344,,,,,,,,395802.786S,1750130.844E,NZWU,,,,
THR RWY 14,1772701.8671888,5574542.7613482,4.5720000,*,S39.9616389,E175.0220194,,,,,,,,395741.90S,1750119.27E,NZWU,,,,
THR RWY 29G,1773102.8928683,5574007.0207521,7.4349864,*,S39.9663808,E175.0268544,,,,,,,,395758.971S,1750136.676E,NZWU,,,,
THR RWY 11G,1772482.2473968,5574494.1216261,4.5628560,*,S39.9621217,E175.0194625,,,,,,,,395743.638S,1750110.065E,NZWU,,,,
THR RWY 26,1773187.7525860,5574287.7061747,9.0150696,*,S39.9638361,E175.0277728,,,,,,,,395749.810S,1750139.982E,NZWU,,,,
THR RWY 08,1772537.9631088,5574451.1817495,4.7439072,*,S39.9624969,E175.0201258,,,,,,,,395744.989S,1750112.453E,NZWU,,,,
THR RWY 29,1773446.3893103,5573911.7451284,7.9248000,*,S39.9671683,E175.0308994,,,,,,,,395801.806S,1750151.238E,NZWU,,,,
THR RWY 11,1772366.6929317,5574758.7433002,3.0480000,*,S39.9597625,E175.0180403,,,,,,,,395735.145S,1750104.945E,NZWU,,,,
THR RWY 35,1823389.4314088,5774999.6132205,167.6400000,*,S38.1452389,E175.5492111,,,,,,,,380842.86S,1753257.16E,NZES,,,,
THR RWY 17,1823466.3870396,5775388.0754310,167.6400000,*,S38.1417222,E175.5499667,,,,,,,,380830.2S,1753259.88E,NZES,,,,
THR RWY 25,1823790.2103083,5775140.6801368,167.6400000,*,S38.1438694,E175.5537361,,,,,,,,380837.93S,1753313.45E,NZES,,,,
THR RWY 07,1823290.3490148,5775153.2004664,167.6400000,*,S38.1438806,E175.5480333,,,,,,,,380837.97S,1753252.92E,NZES,,,,
RWY RWY-07/25,1823204.6250616,5775154.6306488,167.6400000,*,S38.1438889,E175.5470556,,,,,,,,380838.00S,1753249.40E,NZES,,,,
THR RWY 21,1471039.2148991,5149943.8724286,299.0088000,*,S43.7923278,E171.3970806,,,,,,,,434732.38S,1712349.49E,NZAN,,,,
THR RWY 03,1470578.4562836,5149643.8931693,305.4096000,*,S43.7949472,E171.3912833,,,,,,,,434741.81S,1712328.62E,NZAN,,,,
THR RWY 28,2072398.7446937,5821603.5884432,1.5240000,*,S37.6312528,E178.3518694,,,,,,,,373752.51S,1782106.73E,NZTR,,,,
THR RWY 10,2071768.7735242,5822034.2497040,1.5240000,*,S37.6277111,E178.3444833,,,,,,,,373739.76S,1782040.14E,NZTR,,,,
RWY RWY-11/29,1580700.3436559,5482293.4787244,22.8600000,*,S40.8101417,E172.7711750,,,,,,,,404836.51S,1724616.23E,NZTK,,,,
THR RWY 11,1580707.1564173,5482286.4044084,22.8600000,*,S40.8102056,E172.7712556,,,,,,,,404836.74S,1724616.52E,NZTK,,,,
THR RWY 29,1581251.8156528,5481754.0482516,26.5176000,*,S40.8150139,E172.7776972,,,,,,,,404854.05S,1724639.71E,NZTK,,,,
RWY RWY-18/36,1580961.1198375,5481425.9370109,30.4800000,*,S40.8179630,E172.7742404,,,,,,,,404904.6667S,1724627.2653E,NZTK,,,,
THR RWY 18,1581236.9171173,5482178.3027891,23.1648000,*,S40.8111917,E172.7775333,,,,,,,,404840.29S,1724639.12E,NZTK,,,,
RWY RWY-18/36,1581247.1705070,5482207.3940495,22.8600000,*,S40.8109298,E172.7776558,,,,,,,,404839.3474S,1724639.5608E,NZTK,,,,
THR RWY 36,1580987.0479584,5481497.7480738,29.8704000,*,S40.8173167,E172.7745500,,,,,,,,404902.34S,1724628.38E,NZTK,,,,
THR RWY 18,1775742.6636942,5893106.1411408,29.5656000,*,S37.0918750,E174.9774417,,,,,,,,370530.75S,1745838.79E,NZDY,,,,
THR RWY 36,1775439.6892500,5892208.0937788,27.4320000,*,S37.1000222,E174.9742444,,,,,,,,370600.08S,1745827.28E,NZDY,,,,
RWY RWY-18/36 GR,1775422.8577684,5892158.8015433,27.4320000,*,S37.1004694,E174.9740667,,,,,,,,370601.69S,1745826.64E,NZDY,,,,
THR RWY 16G,1981396.1850879,5673598.4930164,12.8016000,*,S39.0035139,E177.4038417,,,,,,,,390012.65S,1772413.83E,NZWO,,,,
THR RWY 34G,1981411.6247750,5672225.3445055,10.3632000,*,S39.0158444,E177.4047861,,,,,,,,390057.04S,1772417.23E,NZWO,,,,
THR RWY 34,1981405.8770150,5672236.1349869,10.0584000,*,S39.0157500,E177.4047139,,,,,,,,390056.70S,1772416.97E,NZWO,,,,
THR RWY 16,1981394.1949935,5673149.3678650,11.8872000,*,S39.0075500,E177.4040694,,,,,,,,390027.18S,1772414.65E,NZWO,,,,
RWY RWY-16/34,1981388.5598888,5673595.4617593,12.8016000,*,S39.0035444,E177.4037556,,,,,,,,390012.76S,1772413.52E,NZWO,,,,
THR RWY 24,1583766.1624187,5287025.5388858,298.7040000,*,S42.5690065,E172.8022091,,,,,,,,423408.4233S,1724807.9526E,NZHM,,,,
THR RWY 06,1583055.8558966,5286897.5875348,298.7040000,*,S42.5701435,E172.7935510,,,,,,,,423412.5166S,1724736.7837E,NZHM,,,,
THR RWY 35,1585085.3874464,6178992.3717981,45.1104000,*,S34.5306472,E172.8374778,,,,,,,,343150.33S,1725014.92E,NZWQ,,,,
THR RWY 17,1585193.0090446,6179761.6757889,60.9600000,*,S34.5237111,E172.8386639,,,,,,,,343125.36S,1725019.19E,NZWQ,,,,
THR RWY 24G,1821940.5449757,5460690.8861635,103.3272000,*,S40.9747833,E175.6378222,,,,,,,,405829.22S,1753816.16E,NZMS,,,,
RWY RWY-06/24 GR,1822145.5309263,5460730.9936239,102.4128000,*,S40.9743667,E175.6402417,,,,,,,,405827.72S,1753824.87E,NZMS,,,,
THR RWY 06G,1821105.3418046,5460527.7732840,106.6800000,*,S40.9764778,E175.6279639,,,,,,,,405835.32S,1753740.67E,NZMS,,,,
THR RWY 24,1822173.7419380,5460812.8685851,101.4984000,*,S40.9736222,E175.6405472,,,,,,,,405825.04S,1753825.97E,NZMS,,,,
THR RWY 06,1821072.5573537,5460596.6703695,110.3376000,*,S40.9758667,E175.6275500,,,,,,,,405833.12S,1753739.18E,NZMS,,,,
THR RWY 28,1821833.0736117,5460440.0836349,104.2416000,*,S40.9770694,E175.6366361,,,,,,,,405837.45S,1753811.89E,NZMS,,,,
THR RWY 10,1821090.9807517,5460952.3367902,110.3376000,*,S40.9726611,E175.6276417,,,,,,,,405821.58S,1753739.51E,NZMS,,,,
THR RWY 06,1839161.3561674,5603339.6727790,472.4400000,*,S39.6863111,E175.7888806,,,,,,,,394110.72S,1754719.97E,NZVR,,,,
THR RWY 24,1839608.6149872,5603427.6033439,464.8200000,*,S39.6853944,E175.7940583,,,,,,,,394107.42S,1754738.61E,NZVR,,,,
THR RWY 16,1739669.0648170,5979359.9185566,29.8704000,*,S36.3206722,E174.5559472,,,,,,,,361914.42S,1743321.41E,NZSL,,,,
RWY RWY-16/34,1739652.7125311,5978669.1371272,29.8704000,*,S36.3269000,E174.5558889,,,,,,,,361936.84S,1743321.20E,NZSL,,,,
RWY RWY-16/34,1739674.0988010,5979548.7804862,29.8704000,*,S36.3189694,E174.5559694,,,,,,,,361908.29S,1743321.49E,NZSL,,,,
THR RWY 34,1739649.0407238,5978843.9608767,29.8704000,*,S36.3253250,E174.5558167,,,,,,,,361931.17S,1743320.94E,NZSL,,,,
RWY RWY-16/34 GR,1739671.8073064,5978724.3107188,29.8704000,*,S36.3264000,E174.5560917,,,,,,,,361935.04S,1743321.93E,NZSL,,,,
RWY RWY-16/34 GR,1739689.3658026,5979489.9717933,30.1752000,*,S36.3194972,E174.5561500,,,,,,,,361910.19S,1743322.14E,NZSL,,,,
THR RWY 16G,1739687.1147318,5979350.0731082,30.1752000,*,S36.3207583,E174.5561500,,,,,,,,361914.73S,1743322.14E,NZSL,,,,
THR RWY 34G,1739675.2323786,5978844.1558867,29.8704000,*,S36.3253194,E174.5561083,,,,,,,,361931.15S,1743321.99E,NZSL,,,,
THR RWY 27,1358906.5848450,5183552.8433693,173.7360000,*,S43.4620972,E170.0197444,,,,,,,,432743.55S,1700111.08E,NZFO,,,,
THR RWY 09,1358321.0531470,5183811.1059163,152.4000000,*,S43.4595861,E170.0126306,,,,,,,,432734.51S,1700045.47E,NZFO,,,,
THR RWY 21G,1775742.5651608,5900122.9233031,32.6136000,*,S37.0286611,E174.9758000,,,,,,,,370143.18S,1745832.88E,NZAR,,,,
THR RWY 03G,1775364.1229157,5899766.9446630,33.8328000,*,S37.0319389,E174.9716306,,,,,,,,370154.98S,1745817.87E,NZAR,,,,
THR RWY 07,1775157.8937190,5900098.0499066,31.3944000,*,S37.0289944,E174.9692361,,,,,,,,370144.38S,1745809.25E,NZAR,,,,
THR RWY 25,1775756.1415645,5900086.2579149,32.6136000,*,S37.0289889,E174.9759611,,,,,,,,370144.36S,1745833.46E,NZAR,,,,
THR RWY 03,1775191.5239363,5899477.9139917,32.6136000,*,S37.0345750,E174.9697583,,,,,,,,370204.47S,1745811.13E,NZAR,,,,
THR RWY 21,1776060.6142173,5900295.7600859,33.2232000,*,S37.0270444,E174.9793333,,,,,,,,370137.36S,1745845.60E,NZAR,,,,
RWY RWY-03/21,1775117.1408021,5899407.3047186,32.0040000,*,S37.0352250,E174.9689389,,,,,,,,370206.81S,1745808.18E,NZAR,,,,
RWY RWY-03/21,1776144.0757596,5900374.1895334,32.9184000,*,S37.0263222,E174.9802528,,,,,,,,370134.76S,1745848.91E,NZAR,,,,
THR RWY 25,1823005.0579371,5533436.8158516,46.0248000,*,S40.3198361,E175.6246694,,,,,,,,401911.41S,1753728.81E,NZPM,,,,
RWY RWY-07/25,1823085.0850066,5533434.7503214,46.0248000,*,S40.3198333,E175.6256111,,,,,,,,401911.40S,1753732.20E,NZPM,,,,
THR RWY 07,1821322.4687670,5533483.4496224,36.8808000,*,S40.3198639,E175.6048694,,,,,,,,401911.51S,1753617.53E,NZPM,,,,
RWY RWY-07/25,1821183.4319507,5533487.2326308,36.8808000,*,S40.3198667,E175.6032333,,,,,,,,401911.52S,1753611.64E,NZPM,,,,
THR RWY 07G,1822204.3150725,5533303.2173307,35.0520000,*,S40.3212519,E175.6153008,,,,,,,,401916.5067S,1753655.0829E,NZPM,,,,
THR RWY 25G,1822808.6532432,5533289.2783688,45.1104000,*,S40.3212163,E175.6224116,,,,,,,,401916.3788S,1753720.6816E,NZPM,,,,
THR RWY 04,1768902.5589427,5874486.2251604,11.2776000,*,S37.2608833,E174.9047250,,,,,,,,371539.18S,1745417.01E,NZPU,,,,
THR RWY 22,1769483.8432872,5874787.1511059,16.4592000,*,S37.2580667,E174.9112083,,,,,,,,371529.04S,1745440.35E,NZPU,,,,
RWY RWY-07/25,1741912.8508924,5969852.7709044,27.4320000,*,S36.4060222,E174.5826694,,,,,,,,362421.68S,1743457.61E,NZKF,,,,
THR RWY 07,1741999.3368154,5969854.4345904,27.4320000,*,S36.4059944,E174.5836333,,,,,,,,362421.58S,1743501.08E,NZKF,,,,
THR RWY 25,1742743.0791368,5969869.3237904,27.4320000,*,S36.4057500,E174.5919222,,,,,,,,362420.70S,1743530.92E,NZKF,,,,
RWY RWY-07/25,1742753.8054473,5969870.0715706,27.4320000,*,S36.4057417,E174.5920417,,,,,,,,362420.67S,1743531.35E,NZKF,,,,
THR RWY 36,1301512.7565543,5011577.2442185,313.6392000,*,S44.9864528,E169.2137222,,,,,,,,445911.23S,1691249.40E,NZCW,,,,
THR RWY 18,1301759.1330395,5012339.6250244,315.7728000,*,S44.9797083,E169.2172917,,,,,,,,445846.95S,1691302.25E,NZCW,,,,
RWY RWY-13/31,1861391.7989841,5852987.3987677,0.6096000,*,S37.4330556,E175.9542722,,,,,,,,372559.00S,1755715.38E,NZWV,,,,
RWY RWY-13/31,1861376.1240629,5853044.6694832,0.6096000,*,S37.4325444,E175.9540750,,,,,,,,372557.16S,1755714.67E,NZWV,,,,
THR RWY 31,1861343.4419641,5853093.2160977,0.6096000,*,S37.4321167,E175.9536889,,,,,,,,372555.62S,1755713.28E,NZWV,,,,
THR RWY 13,1861113.4048934,5853471.6499247,0.6096000,*,S37.4287750,E175.9509583,,,,,,,,372543.59S,1755703.45E,NZWV,,,,
RWY RWY-13/31,1861068.5875126,5853549.2733248,1.2192000,*,S37.4280889,E175.9504250,,,,,,,,372541.12S,1755701.53E,NZWV,,,,
THR RWY 26G,1745861.2852813,5927786.5414019,18.5928000,*,S36.7845056,E174.6346667,,,,,,,,364704.22S,1743804.8E,NZWP,,,,
THR RWY 08G,1745105.0752724,5927905.7807417,20.4216000,*,S36.7835472,E174.6261722,,,,,,,,364700.77S,1743734.22E,NZWP,,,,
THR RWY 03,1744610.5984814,5926512.5110813,31.3944000,*,S36.7961778,E174.6208972,,,,,,,,364746.24S,1743715.23E,NZWP,,,,
THR RWY 21,1746251.9643171,5927708.6474080,17.9832000,*,S36.7851472,E174.6390583,,,,,,,,364706.53S,1743820.61E,NZWP,,,,
THR RWY 26,1746426.6157029,5927641.8424110,16.1544000,*,S36.7857222,E174.6410278,,,,,,,,364708.60S,1743827.70E,NZWP,,,,
THR RWY 08,1744863.9833743,5927886.4479836,20.7264000,*,S36.7837583,E174.6234750,,,,,,,,364701.53S,1743724.51E,NZWP,,,,
THR RWY 07,1872323.1119902,5715708.5482416,472.1352000,*,S38.6653556,E176.1298722,,,,,,,,383955.28S,1760747.54E,NZCG,,,,
RWY RWY-07,1872865.9966069,5715737.5225827,472.1352000,*,S38.6649278,E176.1360917,,,,,,,,383953.74S,1760809.93E,NZCG,,,,
THR RWY 04,1872629.9710719,5715651.1369083,455.6760000,*,S38.6657778,E176.1334167,,,,,,,,383956.80S,1760800.30E,NZCG,,,,
THR RWY 22,1873475.3088073,5716023.4903671,454.1520000,*,S38.6621667,E176.1429722,,,,,,,,383943.80S,1760834.70E,NZCG,,,,
THR RWY 14,1722895.9259687,6040701.9137344,40.5384000,*,S35.7700639,E174.3596000,,,,,,,,354612.23S,1742134.56E,NZWR,,,,
THR RWY 32,1723084.2333234,6040264.1608095,40.5384000,*,S35.7739861,E174.3617500,,,,,,,,354626.35S,1742142.30E,NZWR,,,,
THR RWY 06,1722735.7622096,6040725.0899253,40.5384000,*,S35.7698750,E174.3578250,,,,,,,,354611.55S,1742128.17E,NZWR,,,,
THR RWY 24,1723822.1018176,6040876.6932952,38.1000000,*,S35.7683722,E174.3698167,,,,,,,,354606.14S,1742211.34E,NZWR,,,,
RWY RWY-06/24,1560836.9039483,5203830.1136704,54.8640000,*,S43.3173472,E172.5170278,,,,,,,,431902.45S,1723101.30E,NZFE,,,,
THR RWY 06,1560144.4460422,5203797.6920965,59.4360000,*,S43.3176028,E172.5084861,,,,,,,,431903.37S,1723030.55E,NZFE,,,,
RWY RWY-06/24,1560017.8631480,5203796.3289326,59.4360000,*,S43.3176083,E172.5069250,,,,,,,,431903.39S,1723024.93E,NZFE,,,,
THR RWY 24,1560588.7570087,5203816.3342408,54.8640000,*,S43.3174583,E172.5139667,,,,,,,,431902.85S,1723050.28E,NZFE,,,,
THR RWY 28,1797914.2294463,5507277.6372165,15.2400000,*,S40.5616333,E175.3377556,,,,,,,,403341.88S,1752015.92E,NZKP,,,,
RWY RWY-10/28,1797956.8078340,5507250.2763151,15.2400000,*,S40.5618694,E175.3382667,,,,,,,,403342.73S,1752017.76E,NZKP,,,,
THR RWY 10,1797491.2820925,5507543.4417985,10.0584000,*,S40.5593417,E175.3326806,,,,,,,,403333.63S,1751957.65E,NZKP,,,,
THR RWY 01,1705271.6193231,5659303.7018257,266.7000000,*,S39.2091639,E174.2193028,,,,,,,,391232.99S,1741309.49E,NZNF,,,,
THR RWY 19,1705768.0044185,5660054.8936008,259.0800000,*,S39.2023361,E174.2249333,,,,,,,,391208.41S,1741329.76E,NZNF,,,,
THR RWY 16,1781508.1924857,5483151.3619480,24.3840000,*,S40.7825861,E175.1510750,,,,,,,,404657.31S,1750903.87E,NZOT,,,,
RWY RWY-16/34,1781504.9650630,5483249.2565229,24.3840000,*,S40.7817056,E175.1510083,,,,,,,,404654.14S,1750903.63E,NZOT,,,,
THR RWY 34,1781531.0146534,5482513.9214111,30.4800000,*,S40.7883194,E175.1515306,,,,,,,,404717.95S,1750905.51E,NZOT,,,,
RWY RWY-16/34,1781532.8719097,5482408.0375629,30.4800000,*,S40.7892722,E175.1515833,,,,,,,,404721.38S,1750905.70E,NZOT,,,,
THR RWY 04,1680142.0627877,6022236.2654173,1.8288000,*,S35.9409500,E173.8885333,,,,,,,,355627.42S,1735318.72E,NZDA,,,,
RWY RWY-04/22,1680073.0840918,6022200.8418292,1.8288000,*,S35.9412750,E173.8877722,,,,,,,,355628.59S,1735315.98E,NZDA,,,,
THR RWY 22,1680964.2311001,6022649.6496323,1.8288000,*,S35.9371556,E173.8976056,,,,,,,,355613.76S,1735351.38E,NZDA,,,,
THR RWY 04G,1680132.4988416,6022259.1541129,1.8288000,*,S35.9407444,E173.8884250,,,,,,,,355626.68S,1735318.33E,NZDA,,,,
RWY RWY-04/22 GR,1680063.7705602,6022223.7281702,1.8288000,*,S35.9410694,E173.8876667,,,,,,,,355627.85S,1735315.60E,NZDA,,,,
THR RWY 22G,1680957.3909818,6022668.8166376,1.8288000,*,S35.9369833,E173.8975278,,,,,,,,355613.14S,1735351.10E,NZDA,,,,
RWY RWY-02/20 GR,1599548.7662237,5448065.9621120,9.7536000,*,S41.1187000,E172.9946250,,,,,,,,410707.32S,1725940.65E,NZMK,,,,
THR RWY 20G,1599520.3181218,5448038.8240879,9.7536000,*,S41.1189444,E172.9942861,,,,,,,,410708.20S,1725939.43E,NZMK,,,,
THR RWY 02G,1599048.1576365,5447584.2461244,11.5824000,*,S41.1230389,E172.9886611,,,,,,,,410722.94S,1725919.18E,NZMK,,,,
RWY RWY-02/20 GR,1599020.6459428,5447557.4146235,11.5824000,*,S41.1232806,E172.9883333,,,,,,,,410723.81S,1725918.00E,NZMK,,,,
RWY RWY-02/20,1598984.5040565,5447550.6256353,11.5824000,*,S41.1233417,E172.9879028,,,,,,,,410724.03S,1725916.45E,NZMK,,,,
RWY RWY-02/20,1599568.5850251,5448114.0684111,9.7536000,*,S41.1182667,E172.9948611,,,,,,,,410705.76S,1725941.50E,NZMK,,,,
THR RWY 20,1599501.6617747,5448049.9240191,9.7536000,*,S41.1188444,E172.9940639,,,,,,,,410707.84S,1725938.63E,NZMK,,,,
THR RWY 02,1599033.9317180,5447598.7374747,11.5824000,*,S41.1229083,E172.9884917,,,,,,,,410722.47S,1725918.57E,NZMK,,,,
RWY RWY-02/20,1599006.4199800,5447572.2142872,11.5824000,*,S41.1231472,E172.9881639,,,,,,,,410723.33S,1725917.39E,NZMK,,,,
RWY RWY-09/27,1788676.2658972,5873788.1525805,9.1440000,*,S37.2633750,E175.1277583,,,,,,,,371548.15S,1750739.93E,NZME,,,,
THR RWY 27,1788492.4849264,5873868.7617093,9.1440000,*,S37.2626861,E175.1256667,,,,,,,,371545.67S,1750732.40E,NZME,,,,
THR RWY 09,1787524.0150484,5874295.0546232,9.1440000,*,S37.2590417,E175.1146444,,,,,,,,371532.55S,1750652.72E,NZME,,,,
THR RWY 29,1493628.0278279,5282398.5065278,221.5896000,*,S42.6035083,E171.7032722,,,,,,,,423612.63S,1714211.78E,NZHP,,,,
THR RWY 11,1493002.4169813,5282884.3850193,202.6920000,*,S42.5990472,E171.6957389,,,,,,,,423556.57S,1714144.66E,NZHP,,,,
RWY RWY-12/30,1823530.1278179,5925814.7787028,3.9624000,*,S36.7871250,E175.5050556,,,,,,,,364713.65S,1753018.20E,NZCX,,,,
THR RWY 12,1823531.7905154,5925811.9592495,3.9624000,*,S36.7871500,E175.5050750,,,,,,,,364713.74S,1753018.27E,NZCX,,,,
THR RWY 30,1823788.9208160,5925409.8073394,3.9624000,*,S36.7907111,E175.5080722,,,,,,,,364726.56S,1753029.06E,NZCX,,,,
RWY RWY-12/30,1823865.3823774,5925289.0542668,3.9624000,*,S36.7917806,E175.5089639,,,,,,,,364730.41S,1753032.27E,NZCX,,,,
RWY RWY-09/27,1793017.4579479,5518854.5680359,10.9728000,*,S40.4585750,E175.2764306,,,,,,,,402730.87S,1751635.15E,NZFP,,,,
THR RWY 27,1792856.5921258,5518923.2078983,10.9728000,*,S40.4579944,E175.2745139,,,,,,,,402728.78S,1751628.25E,NZFP,,,,
THR RWY 09,1792082.4796586,5519251.3828022,10.9728000,*,S40.4552194,E175.2652917,,,,,,,,402718.79S,1751555.05E,NZFP,,,,
RWY RWY-08/26,1862334.5361435,5542252.8472191,190.8048000,*,S40.2291028,E176.0833639,,,,,,,,401344.77S,1760500.11E,NZDV,,,,
THR RWY 26,1862258.3262140,5542273.0978399,191.1096000,*,S40.2289444,E176.0824611,,,,,,,,401344.20S,1760456.86E,NZDV,,,,
THR RWY 08,1861809.1488104,5542402.6407691,193.2432000,*,S40.2279194,E176.0771361,,,,,,,,401340.51S,1760437.69E,NZDV,,,,
RWY RWY-08/26,1861662.4822450,5542445.4006171,193.5480000,*,S40.2275806,E176.0753972,,,,,,,,401339.29S,1760431.43E,NZDV,,,,
THR RWY 20,1862326.9347917,5542354.0782638,191.1096000,*,S40.2281944,E176.0832333,,,,,,,,401341.5S,1760459.64E,NZDV,,,,
RWY RWY-02/20,1862400.1218370,5542437.3689942,191.7192000,*,S40.2274222,E176.0840583,,,,,,,,401338.72S,1760502.61E,NZDV,,,,
THR RWY 02,1861605.9125183,5541538.0530440,183.1848000,*,S40.2357611,E176.0751028,,,,,,,,401408.74S,1760430.37E,NZDV,,,,
THR RWY 18,1298740.5642983,5005197.2924571,222.1992000,*,S45.0425861,E169.1748167,,,,,,,,450233.31S,1691029.34E,NZCS,,,,
RWY RWY-18/36,1298789.3304006,5005315.8843692,221.8944000,*,S45.0415417,E169.1755056,,,,,,,,450229.55S,1691031.82E,NZCS,,,,
THR RWY 36,1298462.1547495,5004506.5035174,224.6376000,*,S45.0486722,E169.1708750,,,,,,,,450255.22S,1691015.15E,NZCS,,,,
RWY RWY-18/36,1298407.3820181,5004371.5410997,224.9424000,*,S45.0498611,E169.1701000,,,,,,,,450259.50S,1691012.36E,NZCS,,,,
THR RWY 27,1298367.7180973,5004477.5972079,225.2472000,*,S45.0488917,E169.1696611,,,,,,,,450256.01S,1691010.78E,NZCS,,,,
RWY RWY-09/27,1298453.8198522,5004446.4195674,224.9424000,*,S45.0492083,E169.1707333,,,,,,,,450257.15S,1691014.64E,NZCS,,,,
THR RWY 09,1297684.8273484,5004763.1364319,227.0760000,*,S45.0460361,E169.1611806,,,,,,,,450245.73S,1690940.25E,NZCS,,,,
THR RWY 17,1848119.4491585,5430217.2010357,9.1440000,*,S41.2413917,E175.9608917,,,,,,,,411429.01S,1755739.21E,NZFT,,,,
THR RWY 35,1847986.9253591,5429734.4551577,4.5720000,*,S41.2457750,E175.9595083,,,,,,,,411444.79S,1755734.23E,NZFT,,,,
